Title,Phone Number,Image URL,Direction Link,Address,Latitude,Longitude,Rating,Time
Home Nursing & Caregivers Services in Mumbai | Healkin,07800336671,https://streetviewpixels-pa.googleapis.com/v1/thumbnail?panoid=e7-0eH2fE1ahfso9VcPJ2Q&cb_client=geo_services_immersive.gps&w=144&h=144&yaw=132.39548&pitch=0&thumbfov=100,"https://maps.google.com/maps?um=1&fb=1&gl=in&sa=X&geocode=KR_XDBGLz-c7MXOMNfOgNYEf&daddr=Plot+no.677,+Pitruchhaya+CHS+S.H.+Paralkar+Marg+Next+to+Ved+Hospital,+Mumbai,+Dadar,+W,+Maharashtra+400028&ved=2ahUKEwijkefo-ruEAxVw4IQAHYi9CuYQ48ADegQIABAp","Plot no.677, Pitruchhaya CHS S.H. Paralkar Marg Next to Ved Hospital, Mumbai, Dadar, W, Maharashtra 400028",19.022870902194,72.835483614513,4.7,
"Ayushya Healthcare - Patient Caretaker, Home Nursing Services in Mumbai",08070057451,https://lh5.googleusercontent.com/p/AF1QipNmP4ZeB33EIoHtvbAYVkmtmRW_TyKA8QG7QY61=w114-h114-n-k-no,"https://maps.google.com/maps?um=1&fb=1&gl=in&sa=X&geocode=KdVOSTMoxuc7MQv4n2EAo7Iz&daddr=Ayushya+Healthcare+Services+Pvt+Limited,+Police+Chowki,+Gaondevi+Rd,+nr.+Poisar,+Kandivali,+Gaondevi,+Poisar,+Kandivali%28E,+Mumbai,+Maharashtra+400101&ved=2ahUKEwijkefo-ruEAxVw4IQAHYi9CuYQ48ADegQIABAz","Ayushya Healthcare Services Pvt Limited, Police Chowki, Gaondevi Rd, nr. Poisar, Kandivali, Gaondevi, Poisar, Kandivali(E, Mumbai, Maharashtra 400101",19.201755168916,72.872261283188,4.4,
Ayushya Healthcare - Home Healthcare & Nursing Care Service,08070057451,https://lh5.googleusercontent.com/p/AF1QipPPuCTwKMkymsSDlZxzawkq5JtfSSW-ay8Hhjs9=w114-h114-n-k-no,"https://maps.google.com/maps?um=1&fb=1&gl=in&sa=X&geocode=KQMrUkzit-c7McNzz6ju889L&daddr=F-11,+First+Floor,+Raghuleela+Mega+Mall,+Poisar,+Kandivali+%28W,+Mumbai,+Maharashtra+400067&ved=2ahUKEwijkefo-ruEAxVw4IQAHYi9CuYQ48ADegQIABA7","F-11, First Floor, Raghuleela Mega Mall, Poisar, Kandivali (W, Mumbai, Maharashtra 400067",19.214295101294,72.852148305323,4.7,
Mumbai healthcare,09022054458,https://lh5.googleusercontent.com/p/AF1QipMNE7rh7KG18bDI4h3jOdIiqGciFg_pfRZAFAAC=w114-h114-n-k-no,"https://maps.google.com/maps?um=1&fb=1&gl=in&sa=X&geocode=KWf4vsmtyec7Mb4VlYLD8Oee&daddr=Shop+no-8,bandra+liberty+chs,+Hill+Rd,+opp.+abhyudaya+bank,+Bandra+West,+Mumbai,+Maharashtra+400050&ved=2ahUKEwijkefo-ruEAxVw4IQAHYi9CuYQ48ADegQIABBD","Shop no-8,bandra liberty chs, Hill Rd, opp. abhyudaya bank, Bandra West, Mumbai, Maharashtra 400050",19.058745829208,72.829528370492,4.7,
HEALTHCARE MEDICAL CENTRE AND DIAGNOSTICS,09321383806,https://lh5.googleusercontent.com/p/AF1QipNOIkx2Aw5jPxr1Qi1aQRcf6gUet4JR_L5rEbL7=w114-h114-n-k-no,"https://maps.google.com/maps?um=1&fb=1&gl=in&sa=X&geocode=KR-cYRzOtuc7MYmR2HmUcBGU&daddr=Suryadarshan+CHS,+76/754,+Mahavir,+Satya+Nagar+Rd,+MHB+Colony,+Mahavir+Nagar,+Kandivali+West,+Mumbai,+Maharashtra+400067&ved=2ahUKEwijkefo-ruEAxVw4IQAHYi9CuYQ48ADegQIABBM","Suryadarshan CHS, 76/754, Mahavir, Satya Nagar Rd, MHB Colony, Mahavir Nagar, Kandivali West, Mumbai, Maharashtra 400067",19.210854641827,72.842231783835,4.7,
Healthcare Medical centre and Diagnostics,07977366923,https://lh5.googleusercontent.com/p/AF1QipOCZMiu_SXtQZpSmV7EY_2LJw4Xzvn6ZRJbjX-L=w114-h114-n-k-no,"https://maps.google.com/maps?um=1&fb=1&gl=in&sa=X&geocode=KfGN5KBatuc7Ma_KbHme0WlU&daddr=10,+76,+Mahatma+Gandhi+Rd,+near+Jain+Temple,+Unnat+Nagar+No.+4,+Motilal+Nagar+III,+Goregaon+West,+Mumbai,+Maharashtra+400062&ved=2ahUKEwijkefo-ruEAxVw4IQAHYi9CuYQ48ADegQIABBU","10, 76, Mahatma Gandhi Rd, near Jain Temple, Unnat Nagar No. 4, Motilal Nagar III, Goregaon West, Mumbai, Maharashtra 400062",19.163279984688,72.839630009997,4.3,
Healthcare Medical Center and Diagnostics,09004783045,https://lh5.googleusercontent.com/p/AF1QipOfcJzdSoFlnl5calW7r4M8ADWAa1kHyKPfFdH0=w114-h114-n-k-no,"https://maps.google.com/maps?um=1&fb=1&gl=in&sa=X&geocode=KaV5WtQksec7MZN-5exb7pJj&daddr=1st+Floor,+Yogi+Avenue.+Yogi+Nagar.+Land+mark+Next+to+Sheetalnath+Jain+Mandir,+near+Corporation+Bank+lane,+Borivali+West,+Mumbai,+Maharashtra+400092&ved=2ahUKEwijkefo-ruEAxVw4IQAHYi9CuYQ48ADegQIABBc","1st Floor, Yogi Avenue. Yogi Nagar. Land mark Next to Sheetalnath Jain Mandir, near Corporation Bank lane, Borivali West, Mumbai, Maharashtra 400092",19.235969546234,72.84261017391,4.6,
Maharashtra Health Care,09560089955,https://lh5.googleusercontent.com/p/AF1QipMW_6dhrMg2N5QiwyyU9w_EeAEl7AMPv9dC5Tn6=w114-h114-n-k-no,"https://maps.google.com/maps?um=1&fb=1&gl=in&sa=X&geocode=KfGlHq49yOc7MUmPbdXAcgSJ&daddr=shop+no+2+kol+dongri+street+number+1,+Near,+shiwaji+chowk,+opp.+Omkareshwar+mandir,+Andheri+East,+Mumbai,+Maharashtra+400069&ved=2ahUKEwijkefo-ruEAxVw4IQAHYi9CuYQ48ADegQIABBk","shop no 2 kol dongri street number 1, Near, shiwaji chowk, opp. Omkareshwar mandir, Andheri East, Mumbai, Maharashtra 400069",19.11148957266,72.852955980963,4.9,
HDU HEALTHCARE PVT LTD,08766969998,https://lh5.googleusercontent.com/p/AF1QipOpKolw8-YkNntBZecLJWAfjc7kiISEZ1BLpYws=w114-h114-n-k-no,"https://maps.google.com/maps?um=1&fb=1&gl=in&sa=X&geocode=KVnp6V3jyec7MRLqGhNpE6Y_&daddr=205B,+Kanakia+wall+Street,+Chakala,+Andheri+East,+Mumbai,+Maharashtra+400059&ved=2ahUKEwijkefo-ruEAxVw4IQAHYi9CuYQ48ADegQIABBu","205B, Kanakia wall Street, Chakala, Andheri East, Mumbai, Maharashtra 400059",19.11475,72.86109,5.0,
HEALTHCARE MEDICAL CENTRE & DIAGNOSTICS,02268321235,https://lh5.googleusercontent.com/p/AF1QipOX1BAkg6eN0_bfeA4QUuYnjHx9PEiS8jmFMUAK=w114-h114-n-k-no,"https://maps.google.com/maps?um=1&fb=1&gl=in&sa=X&geocode=Kat2Sgxwyec7Mec1ByRnZEg2&daddr=1ST+FLOOR,+Patel+House,+RANG+BHAWAN,+BLDG,+MG+Cross+Rd,+above+PODDAR+KIDS+SCHOOL,+Navpada,+Vile+Parle+East,+Vile+Parle,+Mumbai,+Maharashtra+400057&ved=2ahUKEwijkefo-ruEAxVw4IQAHYi9CuYQ48ADegQIABB2","1ST FLOOR, Patel House, RANG BHAWAN, BLDG, MG Cross Rd, above PODDAR KIDS SCHOOL, Navpada, Vile Parle East, Vile Parle, Mumbai, Maharashtra 400057",19.098181385034,72.846472951109,4.9,
Meditva Healthcare At Home,08885394282,https://lh5.googleusercontent.com/p/AF1QipOm2ka5swA3da-ZkNRf9udVJzfmXcNrdU6PBidW=w114-h114-n-k-no,"https://maps.google.com/maps?um=1&fb=1&gl=in&sa=X&geocode=KbdNrY8Rz-c7MY30xx4ufp_H&daddr=Ground+Floor,+Chhaya+Society+Shah+Veera+Building,+Borla,+Union+Park,+Chembur,+Mumbai,+Maharashtra+400071&ved=2ahUKEwijkefo-ruEAxVw4IQAHYi9CuYQ48ADegQIABB9","Ground Floor, Chhaya Society Shah Veera Building, Borla, Union Park, Chembur, Mumbai, Maharashtra 400071",19.04761320671,72.905136787156,4.9,
Krishna Healthcare Service,07208850999,https://lh5.googleusercontent.com/p/AF1QipOrWMLIIFlbBwhF-2mYR1WpQ4WMNvvhhdUA4SPd=w114-h114-n-k-no,"https://maps.google.com/maps?um=1&fb=1&gl=in&sa=X&geocode=KfVBIY9Ft-c7MTDIwkUwOiK_&daddr=Office+No-28,+Ashoka+Super+Market,+Swami+Vivekananda+Rd,+behind+Bata+Showroom,+next+to+Patkar+College,+Piramal+Nagar,+Goregaon+West,+Mumbai,+Maharashtra+400104&ved=2ahUKEwijkefo-ruEAxVw4IQAHYi9CuYQ48ADegUIABCDAQ","Office No-28, Ashoka Super Market, Swami Vivekananda Rd, behind Bata Showroom, next to Patkar College, Piramal Nagar, Goregaon West, Mumbai, Maharashtra 400104",19.159721773801,72.834592163033,4.9,
Hajwane's Healthcare Pvt. Ltd.,02266940222,https://lh5.googleusercontent.com/p/AF1QipP22vrqxOLtzWjkp-ienZVr6fCeOOoyW-7fQ_7P=w114-h114-n-k-no,"https://maps.google.com/maps?um=1&fb=1&gl=in&sa=X&geocode=KUHb8QQ4yOc7MVQAMay_Z9TG&daddr=Silver+Astra603+B+wing,+Silver+Astra+Bldg,+6th+Floor+above+Greater+Mumbai+Bank,+opp.+Sai+Dev+Hotel,+J+B+Nagar,+Andheri+East,+Mumbai,+Maharashtra+400059&ved=2ahUKEwijkefo-ruEAxVw4IQAHYi9CuYQ48ADegUIABCNAQ","Silver Astra603 B wing, Silver Astra Bldg, 6th Floor above Greater Mumbai Bank, opp. Sai Dev Hotel, J B Nagar, Andheri East, Mumbai, Maharashtra 400059",19.111218583424,72.869634079826,4.7,
GeBBS Healthcare Solutions,09172870767,https://lh5.googleusercontent.com/p/AF1QipPXPRNX8ouTZaRK1nJZ3JjrYBy5t3nSqqzKbGMo=w114-h114-n-k-no,"https://maps.google.com/maps?um=1&fb=1&gl=in&sa=X&geocode=KauqqmofyOc7MYkHE2Zzmcy7&daddr=Level+5,+Tower+1+Phase+II,+Raiaskaran+TechPark,+Andheri+-+Kurla+Rd,+Saki+Naka,+Mumbai,+Maharashtra+400072&ved=2ahUKEwijkefo-ruEAxVw4IQAHYi9CuYQ48ADegUIABCXAQ","Level 5, Tower 1 Phase II, Raiaskaran TechPark, Andheri - Kurla Rd, Saki Naka, Mumbai, Maharashtra 400072",19.10300712881,72.891585941338,3.6,
ELICURE HEALTHCARE POLYCLINIC & OPD,02224318488,https://lh5.googleusercontent.com/p/AF1QipOEJg71EoniLbtK41Yw9MfMFS4u9QT9ap8ITzcw=w114-h114-n-k-no,"https://maps.google.com/maps?um=1&fb=1&gl=in&sa=X&geocode=KV1h0ehRx-c7MTvE_ChqDyXC&daddr=road+no+20,+Coral+Classic+Commercial+Complex,+303/304,+Chembur+Gaothan,+Chembur,+Mumbai,+Maharashtra+400071&ved=2ahUKEwijkefo-ruEAxVw4IQAHYi9CuYQ48ADegUIABCfAQ","road no 20, Coral Classic Commercial Complex, 303/304, Chembur Gaothan, Chembur, Mumbai, Maharashtra 400071",19.05765754846,72.896693860118,4.8,
Praxis Healthcare,08291606657,https://lh5.googleusercontent.com/p/AF1QipOy3rCpeZEa_4WQq7OJGizgLRpcJT1GC6L1fl0M=w114-h114-n-k-no,"https://maps.google.com/maps?um=1&fb=1&gl=in&sa=X&geocode=KV95sx8Dyec7Mahu4HeVxh7X&daddr=Pace+house,+7,+Gulmohar+Rd,+Swastik+Society,+Vile+Parle+West,+Mumbai,+Maharashtra+400056&ved=2ahUKEwijkefo-ruEAxVw4IQAHYi9CuYQ48ADegUIABCnAQ","Pace house, 7, Gulmohar Rd, Swastik Society, Vile Parle West, Mumbai, Maharashtra 400056",19.103029984563,72.837190037983,4.2,
Health Care Diagnostic Center Kalina,09326617864,https://lh5.googleusercontent.com/p/AF1QipPS6MNi0qWPoz3vlueUOmcfNSVEPYEHgnTdbovn=w114-h114-n-k-no,"https://maps.google.com/maps?um=1&fb=1&gl=in&sa=X&geocode=Kcs2MMjwyOc7MZDaVeZAZgbx&daddr=179/B,+Kalina+Jama+Masjid+Ln,+Jamlipada,+Vidya+Nagari,+Kalina,+Santacruz+East,+Mumbai,+Maharashtra+400098&ved=2ahUKEwiS6sP3-ruEAxVHy4QAHeK5Cr0Q48ADegQIABAp","179/B, Kalina Jama Masjid Ln, Jamlipada, Vidya Nagari, Kalina, Santacruz East, Mumbai, Maharashtra 400098",19.074105758089,72.862672885406,3.7,
Modern Health Care,09323298742,https://lh5.googleusercontent.com/p/AF1QipPb_sMXI-Qc_BemX2PA3Gsktqj8xsfTJ25TBsac=w114-h114-n-k-no,"https://maps.google.com/maps?um=1&fb=1&gl=in&sa=X&geocode=KZ_1c596yOc7MQAAAHCGCdVr&daddr=Shop+No.30,+Laxmi+Up+Welfare+Society,+Mahatma+Phule+Nagar,+LBS+Nagar,+Ashok+Nagar,+Andheri+East,+Mumbai,+Maharashtra+400072&ved=2ahUKEwiS6sP3-ruEAxVHy4QAHeK5Cr0Q48ADegQIABAw","Shop No.30, Laxmi Up Welfare Society, Mahatma Phule Nagar, LBS Nagar, Ashok Nagar, Andheri East, Mumbai, Maharashtra 400072",19.119203583548,72.88713950684,5.0,
Meditva Healthcare At Home,08454957562,https://lh5.googleusercontent.com/p/AF1QipOm2ka5swA3da-ZkNRf9udVJzfmXcNrdU6PBidW=w114-h114-n-k-no,"https://maps.google.com/maps?um=1&fb=1&gl=in&sa=X&geocode=KbdNrY8Rz-c7MY30xx4ufp_H&daddr=Ground+Floor,+Chhaya+Society+Shah+Veera+Building,+Borla,+Union+Park,+Chembur,+Mumbai,+Maharashtra+400071&ved=2ahUKEwiS6sP3-ruEAxVHy4QAHeK5Cr0Q48ADegQIABA6","Ground Floor, Chhaya Society Shah Veera Building, Borla, Union Park, Chembur, Mumbai, Maharashtra 400071",19.04761320671,72.905136787156,4.9,
INCHES Healthcare,02226179900,https://streetviewpixels-pa.googleapis.com/v1/thumbnail?panoid=tsF7OFCVQQm3XbQerIvOvw&cb_client=geo_services_immersive.gps&w=144&h=144&yaw=63.576363&pitch=0&thumbfov=100,"https://maps.google.com/maps?um=1&fb=1&gl=in&sa=X&geocode=KaXruGG0yec7MalI9xAAh9vC&daddr=54+New+Suri+Building,+1st+Floor,+Block,+No+8,+G+B+Indulkar+Rd,+Marg,+Vile+Parle+East,+Mumbai,+Maharashtra+400057&ved=2ahUKEwiS6sP3-ruEAxVHy4QAHeK5Cr0Q48ADegQIABBH","54 New Suri Building, 1st Floor, Block, No 8, G B Indulkar Rd, Marg, Vile Parle East, Mumbai, Maharashtra 400057",19.101584539642,72.850408503682,5.0,
Dr.House Healthcare Private Limited,09869038326,https://streetviewpixels-pa.googleapis.com/v1/thumbnail?panoid=At4BqDEwxo7S6tptPKt5LA&cb_client=geo_services_immersive.gps&w=144&h=144&yaw=177.44511&pitch=0&thumbfov=100,"https://maps.google.com/maps?um=1&fb=1&gl=in&sa=X&geocode=Kb_D11DZzuc7MQ3eizf_ttOp&daddr=55,+Neelam+Building,+D.V.+Pradhan+Road,+Lane+Number.+1,+Dadar+East,+Hindu+Colony,+Dadar,+Mumbai,+Maharashtra+400014&ved=2ahUKEwiS6sP3-ruEAxVHy4QAHeK5Cr0Q48ADegQIABBO","55, Neelam Building, D.V. Pradhan Road, Lane Number. 1, Dadar East, Hindu Colony, Dadar, Mumbai, Maharashtra 400014",19.019294055416,72.846340658608,3.0,
Best Care Health Center,18002663227,https://streetviewpixels-pa.googleapis.com/v1/thumbnail?panoid=CZyK938E7N98BPQ6QewFKQ&cb_client=geo_services_immersive.gps&w=144&h=144&yaw=243.75888&pitch=0&thumbfov=100,"https://maps.google.com/maps?um=1&fb=1&gl=in&sa=X&geocode=KcsUsg1OsOc7MXVgyv1Nfz8p&daddr=Unit+No.+1002,10th+floor,+Thakur+House,+Jay+Antariksh,+Makwana+Rd,+Gamdevi,+Marol,+Andheri+East,+Mumbai,+Maharashtra+400059&ved=2ahUKEwiS6sP3-ruEAxVHy4QAHeK5Cr0Q48ADegQIABBW","Unit No. 1002,10th floor, Thakur House, Jay Antariksh, Makwana Rd, Gamdevi, Marol, Andheri East, Mumbai, Maharashtra 400059",19.120484562607,72.881600426465,5.0,
CallMediLife Healthcare Services Private Limited,07208850999,https://streetviewpixels-pa.googleapis.com/v1/thumbnail?panoid=Y0DQRBRp_SIc52WFc2oevA&cb_client=geo_services_immersive.gps&w=144&h=144&yaw=352.62875&pitch=0&thumbfov=100,"https://maps.google.com/maps?um=1&fb=1&gl=in&sa=X&geocode=KV1h0ehRx-c7MTvE_ChqDyXC&daddr=road+no+20,+Coral+Classic+Commercial+Complex,+303/304,+Chembur+Gaothan,+Chembur,+Mumbai,+Maharashtra+400071&ved=2ahUKEwiS6sP3-ruEAxVHy4QAHeK5Cr0Q48ADegQIABBg","road no 20, Coral Classic Commercial Complex, 303/304, Chembur Gaothan, Chembur, Mumbai, Maharashtra 400071",19.05765754846,72.896693860118,2.6,
ELICURE HEALTHCARE POLYCLINIC & OPD,07977374838,https://lh5.googleusercontent.com/p/AF1QipOEJg71EoniLbtK41Yw9MfMFS4u9QT9ap8ITzcw=w114-h114-n-k-no,"https://maps.google.com/maps?um=1&fb=1&gl=in&sa=X&geocode=KVvNxg8Ht-c7MXs4IFhFwHul&daddr=Shop+No+-+29,+building+D-1H,+SATELLITE+GARDEN,+near,+Aarey+Bhaskar+Rd,+Azad+Nagar,+Phase+-2,+Goregaon,+Mumbai,+Maharashtra+400063&ved=2ahUKEwiS6sP3-ruEAxVHy4QAHeK5Cr0Q48ADegQIABBq","Shop No - 29, building D-1H, SATELLITE GARDEN, near, Aarey Bhaskar Rd, Azad Nagar, Phase -2, Goregaon, Mumbai, Maharashtra 400063",19.17567,72.87242,4.8,
HEALTHCARE MEDICAL CENTRE AND DIAGNOSTICS,09819507773,https://lh5.googleusercontent.com/p/AF1QipMh-BaiqDh94c-lZszh87mAcxdOC54VFzHwuUCO=w114-h114-n-k-no,"https://maps.google.com/maps?um=1&fb=1&gl=in&sa=X&geocode=Kdlt4TpJtuc7Metak5q3o4f9&daddr=Shop+Number+19168+Shop+Number+2+New,+Siddhartha+Nagar,+Best+Nagar,+Goregaon+West,+Mumbai,+Maharashtra+400062&ved=2ahUKEwiS6sP3-ruEAxVHy4QAHeK5Cr0Q48ADegQIABBx","Shop Number 19168 Shop Number 2 New, Siddhartha Nagar, Best Nagar, Goregaon West, Mumbai, Maharashtra 400062",19.158540471862,72.843453079471,4.5,
Futuristic Healthcare Company,02261303434,https://streetviewpixels-pa.googleapis.com/v1/thumbnail?panoid=YYNHCoJMwX-wW9LmS1LEWw&cb_client=geo_services_immersive.gps&w=144&h=144&yaw=327.54025&pitch=0&thumbfov=100,"https://maps.google.com/maps?um=1&fb=1&gl=in&sa=X&geocode=KWuf8Rjc0ec7MUUNFDmaWUCM&daddr=5th+Floor,+East+Wing+Forbes+Building,+Charanjit+Rai+Marg,+Fort,+Mumbai,+Maharashtra+400001&ved=2ahUKEwiS6sP3-ruEAxVHy4QAHeK5Cr0Q48ADegQIABB4","5th Floor, East Wing Forbes Building, Charanjit Rai Marg, Fort, Mumbai, Maharashtra 400001",18.93679,72.83232,5.0,
Health Care International,08169720907,https://streetviewpixels-pa.googleapis.com/v1/thumbnail?panoid=K_sJK-Q9kFL2Z7I8df88EQ&cb_client=geo_services_immersive.gps&w=144&h=144&yaw=207.63002&pitch=0&thumbfov=100,"https://maps.google.com/maps?um=1&fb=1&gl=in&sa=X&geocode=KUWqnxWxx-c7MWlFFASMJVNn&daddr=Shop+No.1,+Ground+Floor,+Pestom+Sagar+Rd+Number+4,+opp.+Bhagwati+Niwas,+Chembur,+Mumbai,+Maharashtra+400089&ved=2ahUKEwiS6sP3-ruEAxVHy4QAHeK5Cr0Q48ADegUIABCEAQ","Shop No.1, Ground Floor, Pestom Sagar Rd Number 4, opp. Bhagwati Niwas, Chembur, Mumbai, Maharashtra 400089",19.07180001916,72.902669968504,5.0,
Spice Healthcare Pvt. Ltd,09022228489,https://lh5.googleusercontent.com/p/AF1QipNL9k86Z_nD61Qmbp505Eba6F3xe3vivMqCHgr1=w114-h114-n-k-no,"https://maps.google.com/maps?um=1&fb=1&gl=in&sa=X&geocode=KTuudBb3xec7MccRctEma6C-&daddr=2WH3%2B77J,+Hasina+Nagar,+R.C.+Marg,+Chembur+East,+Vashi+Naka,+Bharat+Nagar,+Mumbai,+Maharashtra+400074&ved=2ahUKEwiS6sP3-ruEAxVHy4QAHeK5Cr0Q48ADegUIABCLAQ","2WH3+77J, Hasina Nagar, R.C. Marg, Chembur East, Vashi Naka, Bharat Nagar, Mumbai, Maharashtra 400074",19.027456336115,72.8976148998,4.7,
HEALTHCARE MEDICAL,08010699699,//lh6.googleusercontent.com/proxy/ij9gcb2PPMQYb3_9zF47Gdpy4oM7t2Pb6bYFuw_rlHLTlyk4JEErdR-V2a2PmLDRIP0EnQV6-FdXHqSfo6gnE7qptPkFginrtg7jCwMCeHMdKm6oulR4w-L7WM8_HOErlbIJSei-f2Wejp009ZKwJdaYVaVpnYZurd2gnPRGv5GpZyfR9SgNXw=w144-h144-n-k-no,"https://maps.google.com/maps?um=1&fb=1&gl=in&sa=X&geocode=Kf9-R6Dp0ec7MZB9xYdHfC2e&daddr=Wakefield+House,+SS+Ram+Gulam+Marg,+Ballard+Estate,+Fort,+Mumbai,+Maharashtra+400001&ved=2ahUKEwiS6sP3-ruEAxVHy4QAHeK5Cr0Q48ADegUIABCTAQ","Wakefield House, SS Ram Gulam Marg, Ballard Estate, Fort, Mumbai, Maharashtra 400001",18.935654668933,72.83682892668,4.2,
Healthcare Clinic,09172870767,https://streetviewpixels-pa.googleapis.com/v1/thumbnail?panoid=qVeyTjIMk0xyiqY5q_YQ_g&cb_client=geo_services_immersive.gps&w=144&h=144&yaw=241.10428&pitch=0&thumbfov=100,"https://maps.google.com/maps?um=1&fb=1&gl=in&sa=X&geocode=KWP-ewRvyOc7MegblmBjH2nK&daddr=Sakinaka,+Andheri+Kurla+Road,+Mumbai,+Maharashtra+400072&ved=2ahUKEwiS6sP3-ruEAxVHy4QAHeK5Cr0Q48ADegUIABCaAQ","Sakinaka, Andheri Kurla Road, Mumbai, Maharashtra 400072",19.101872758439,72.883448358275,4.7,
One Life Home Healthcare Pvt Ltd,02224077650,https://lh5.googleusercontent.com/p/AF1QipPZhaa-YLgb23GUvqEFz-VjouNdVl8BJ2FnYRA=w114-h114-n-k-no,"https://maps.google.com/maps?um=1&fb=1&gl=in&sa=X&geocode=KeFJoTzSyOc7MWeHvmzYqG_C&daddr=7/A1,2,+3,+Rd+Number+24,+Sindhi+Colony,+Sion,+Mumbai,+Maharashtra+400022&ved=2ahUKEwiS6sP3-ruEAxVHy4QAHeK5Cr0Q48ADegUIABCjAQ","7/A1,2, 3, Rd Number 24, Sindhi Colony, Sion, Mumbai, Maharashtra 400022",19.041969999225,72.860930018528,4.9,
Health Prime Services (India) Pvt. Ltd.,02242314000,https://lh5.googleusercontent.com/p/AF1QipMYQR3lbiTaJCtlaEU7LEV-OaTQsK_Kc7rR_AOO=w114-h114-n-k-no,"https://maps.google.com/maps?um=1&fb=1&gl=in&sa=X&geocode=KQ3iI8M8yOc7MepMnlEarMoH&daddr=303,+Ackruti+Trade+Centre,+Rd+Number+7,+M.I.D.C,+Kondivita,+Andheri+East,+Mumbai,+Maharashtra+400093&ved=2ahUKEwikrqWI-7uEAxVP2oQAHU0SAn8Q48ADegQIABAp","303, Ackruti Trade Centre, Rd Number 7, M.I.D.C, Kondivita, Andheri East, Mumbai, Maharashtra 400093",19.11826,72.87112,3.8,
NEUROTHERAPY. PHYSIOTHRAPY. CHIROPRACTOR. HEALTH CARE TREATMENT CLINIC.,07985204775,https://streetviewpixels-pa.googleapis.com/v1/thumbnail?panoid=MOaXEywgblV3nYe-dp_jEg&cb_client=geo_services_immersive.gps&w=144&h=144&yaw=247.32294&pitch=0&thumbfov=100,"https://maps.google.com/maps?um=1&fb=1&gl=in&sa=X&geocode=KTNylw4Myec7MYXRLNnY5AiC&daddr=Metro+Station,+Fatimabal+chawl+33,+near+Asalpha,+Mumbai,+Maharashtra+400084&ved=2ahUKEwikrqWI-7uEAxVP2oQAHU0SAn8Q48ADegQIABAy","Metro Station, Fatimabal chawl 33, near Asalpha, Mumbai, Maharashtra 400084",19.093677809204,72.899443744507,5.0,
HWell24 Plus Healthcare Private Limited Company,09049644996,https://streetviewpixels-pa.googleapis.com/v1/thumbnail?panoid=aXyT8x03rAnG24pBnccX9g&cb_client=geo_services_immersive.gps&w=144&h=144&yaw=208.58153&pitch=0&thumbfov=100,"https://maps.google.com/maps?um=1&fb=1&gl=in&sa=X&geocode=KVVVhUmCyOc7McRZR2yTOsx8&daddr=Eastern+Business+District,+211-212,+Bhandup+West,+Maharashtra+400078&ved=2ahUKEwikrqWI-7uEAxVP2oQAHU0SAn8Q48ADegQIABA6","Eastern Business District, 211-212, Bhandup West, Maharashtra 400078",19.14063,72.9314,3.7,
Dr. Trivedi's Total Health Care & AAKAR IVF Centre,09321587821,https://lh5.googleusercontent.com/p/AF1QipP6XLwZ4vOPin6kX1N-GVaDsHoOJsaziSZRoqse=w114-h114-n-k-no,"https://maps.google.com/maps?um=1&fb=1&gl=in&sa=X&geocode=KR1SrTEvxuc7McPJshKR2mXi&daddr=5th+Sai+Heritage,+Tilak+Rd,+above+Axis+Bank,+Ghatkopar+East,+Mumbai,+Maharashtra+400077&ved=2ahUKEwikrqWI-7uEAxVP2oQAHU0SAn8Q48ADegQIABBC","5th Sai Heritage, Tilak Rd, above Axis Bank, Ghatkopar East, Mumbai, Maharashtra 400077",19.079342937261,72.905885045387,4.9,
United Health Care India Pvt Ltd,02266660924,https://streetviewpixels-pa.googleapis.com/v1/thumbnail?panoid=SqMk8uHultb_K73zU4imRg&cb_client=geo_services_immersive.gps&w=144&h=144&yaw=27.075232&pitch=0&thumbfov=100,"https://maps.google.com/maps?um=1&fb=1&gl=in&sa=X&geocode=KaVpt4rszuc7McgdRX4NNCCg&daddr=Sun+Mill+Compound,+11/+12+The+Forum+Big+Bazaar+Raghuvanshi+Mill,+Senapati+Bapat+Marg,+Lower+Parel,+Mumbai,+Maharashtra+400013&ved=2ahUKEwikrqWI-7uEAxVP2oQAHU0SAn8Q48ADegQIABBK","Sun Mill Compound, 11/ 12 The Forum Big Bazaar Raghuvanshi Mill, Senapati Bapat Marg, Lower Parel, Mumbai, Maharashtra 400013",18.990875237564,72.830812855893,4.5,
Deltoid Health India,09981164046,https://streetviewpixels-pa.googleapis.com/v1/thumbnail?panoid=Y0DQRBRp_SIc52WFc2oevA&cb_client=geo_services_immersive.gps&w=144&h=144&yaw=352.62875&pitch=0&thumbfov=100,"https://maps.google.com/maps?um=1&fb=1&gl=in&sa=X&geocode=KcsUsg1OsOc7MXVgyv1Nfz8p&daddr=Unit+No.+1002,10th+floor,+Thakur+House,+Jay+Antariksh,+Makwana+Rd,+Gamdevi,+Marol,+Andheri+East,+Mumbai,+Maharashtra+400059&ved=2ahUKEwikrqWI-7uEAxVP2oQAHU0SAn8Q48ADegQIABBY","Unit No. 1002,10th floor, Thakur House, Jay Antariksh, Makwana Rd, Gamdevi, Marol, Andheri East, Mumbai, Maharashtra 400059",19.120484562607,72.881600426465,5.0,
CallMediLife Healthcare Services Private Limited,18002663227,https://streetviewpixels-pa.googleapis.com/v1/thumbnail?panoid=MM8FSruxKfpqB4-sotjCBQ&cb_client=geo_services_immersive.gps&w=144&h=144&yaw=69.505775&pitch=0&thumbfov=100,"https://maps.google.com/maps?um=1&fb=1&gl=in&sa=X&geocode=KW9SNZPZ0ec7Mak_A5k3SufZ&daddr=239,+Rupam+Building,+1st+Floor,+Port,+P+D%27Mello+Rd,+Indira+Docks,+Mumbai+Port+Trust,+Mazgaon,+Mumbai,+Maharashtra+400001&ved=2ahUKEwikrqWI-7uEAxVP2oQAHU0SAn8Q48ADegQIABBn","239, Rupam Building, 1st Floor, Port, P D'Mello Rd, Indira Docks, Mumbai Port Trust, Mazgaon, Mumbai, Maharashtra 400001",18.939057168,72.83724,2.6,
Shreya Health Services Pvt. Ltd.,02242220222,https://streetviewpixels-pa.googleapis.com/v1/thumbnail?panoid=rlkjS_XSynxvI51EAwiTkA&cb_client=geo_services_immersive.gps&w=144&h=144&yaw=86.50787&pitch=0&thumbfov=100,"https://maps.google.com/maps?um=1&fb=1&gl=in&sa=X&geocode=KdsoiJMgz-c7MUZG9S7cTY-l&daddr=swan+mill+compound,+ganpati+baug,+1102+Rushabh+tower,+tokersey+jivraj+road,+15,+Sewri+West,+Mumbai,+Maharashtra+400015&ved=2ahUKEwikrqWI-7uEAxVP2oQAHU0SAn8Q48ADegQIABBv","swan mill compound, ganpati baug, 1102 Rushabh tower, tokersey jivraj road, 15, Sewri West, Mumbai, Maharashtra 400015",18.994122497339,72.849833185232,5.0,
Health India Private Limited,09326541182,https://lh5.googleusercontent.com/p/AF1QipMQGS4I-WSj0z-lQD6Ez6gi8NG3yFY9Cni5_6iT=w114-h114-n-k-no,"https://maps.google.com/maps?um=1&fb=1&gl=in&sa=X&geocode=Kfk7MSoDt-c7MbNgj2ROmFIV&daddr=Sukh+Sagar+Mahal,+A/5,+Bachani+Nagar+Rd,+near+Children%E2%80%99s+Academy+High+School,+Malad,+Shivaji+Nagar,+Bachani+Nagar,+Malad+East,+Mumbai,+Maharashtra+400097&ved=2ahUKEwikrqWI-7uEAxVP2oQAHU0SAn8Q48ADegQIABB2","Sukh Sagar Mahal, A/5, Bachani Nagar Rd, near Children’s Academy High School, Malad, Shivaji Nagar, Bachani Nagar, Malad East, Mumbai, Maharashtra 400097",19.185676267313,72.852723961609,5.0,
Heritage Healthcare,02226179900,https://lh5.googleusercontent.com/p/AF1QipMar53sZXqF_0u11DzRuD_eGqoT3ruHNERG_9dE=w114-h114-n-k-no,"https://maps.google.com/maps?um=1&fb=1&gl=in&sa=X&geocode=KaXruGG0yec7MalI9xAAh9vC&daddr=54+New+Suri+Building,+1st+Floor,+Block,+No+8,+G+B+Indulkar+Rd,+Marg,+Vile+Parle+East,+Mumbai,+Maharashtra+400057&ved=2ahUKEwikrqWI-7uEAxVP2oQAHU0SAn8Q48ADegQIABB9","54 New Suri Building, 1st Floor, Block, No 8, G B Indulkar Rd, Marg, Vile Parle East, Mumbai, Maharashtra 400057",19.101584539642,72.850408503682,5.0,
Lifewave Hospital,09869038326,https://streetviewpixels-pa.googleapis.com/v1/thumbnail?panoid=At4BqDEwxo7S6tptPKt5LA&cb_client=geo_services_immersive.gps&w=144&h=144&yaw=177.44511&pitch=0&thumbfov=100,"https://maps.google.com/maps?um=1&fb=1&gl=in&sa=X&geocode=Kb_D11DZzuc7MQ3eizf_ttOp&daddr=55,+Neelam+Building,+D.V.+Pradhan+Road,+Lane+Number.+1,+Dadar+East,+Hindu+Colony,+Dadar,+Mumbai,+Maharashtra+400014&ved=2ahUKEwikrqWI-7uEAxVP2oQAHU0SAn8Q48ADegUIABCEAQ","55, Neelam Building, D.V. Pradhan Road, Lane Number. 1, Dadar East, Hindu Colony, Dadar, Mumbai, Maharashtra 400014",19.019294055416,72.846340658608,4.5,
Dr.House Healthcare Private Limited,09892847467,https://streetviewpixels-pa.googleapis.com/v1/thumbnail?panoid=CZyK938E7N98BPQ6QewFKQ&cb_client=geo_services_immersive.gps&w=144&h=144&yaw=243.75888&pitch=0&thumbfov=100,"https://maps.google.com/maps?um=1&fb=1&gl=in&sa=X&geocode=KTnvhSdAzuc7MQzifz9NtrNZ&daddr=Kedy+Tower+Co-operative+Housing+Society,+KEDY+SHOPPING+CENTRE+S+NO+23,+1st+floor,+233/234,+Jehangir+Boman+Behram+Rd,+Nagpada,+Madanpura,+Mumbai,+Maharashtra+400008&ved=2ahUKEwikrqWI-7uEAxVP2oQAHU0SAn8Q48ADegUIABCNAQ","Kedy Tower Co-operative Housing Society, KEDY SHOPPING CENTRE S NO 23, 1st floor, 233/234, Jehangir Boman Behram Rd, Nagpada, Madanpura, Mumbai, Maharashtra 400008",18.968850005869,72.817359963813,3.0,
Best Care Health Center,08433552020,https://streetviewpixels-pa.googleapis.com/v1/thumbnail?panoid=ajTVU_mXgftsxZqln9geLA&cb_client=geo_services_immersive.gps&w=144&h=144&yaw=323.97507&pitch=0&thumbfov=100,"https://maps.google.com/maps?um=1&fb=1&gl=in&sa=X&geocode=KZWceBiTx-c7MfSODL5f8Vnb&daddr=Jyoti+Health+Care+Centre,+32,+Dipti+Solitaire+Above+Axis+Bank,+Mahatma+Gandhi+Rd,+opp.+Old+post+office,+Ghatkopar+West,+Mumbai,+Maharashtra+400086&ved=2ahUKEwikrqWI-7uEAxVP2oQAHU0SAn8Q48ADegUIABCUAQ","Jyoti Health Care Centre, 32, Dipti Solitaire Above Axis Bank, Mahatma Gandhi Rd, opp. Old post office, Ghatkopar West, Mumbai, Maharashtra 400086",19.0910548123,72.904509617984,5.0,
HEALTH CARE MEDICAL,09321272715,https://lh5.googleusercontent.com/p/AF1QipMii7XpL2ZEC4pNBDHPbfOIonIWo-DdA63KISR5=w114-h114-n-k-no,"https://maps.google.com/maps?um=1&fb=1&gl=in&sa=X&geocode=KQGe0QWEyOc7MQ4hCRv_1p64&daddr=A-wing,+Kohinoor+Mall,+Ground+Floor,+Gate+No+1,+Commercial+Building,+Vidyavihar+West,+Mumbai,+Maharashtra+400070&ved=2ahUKEwikrqWI-7uEAxVP2oQAHU0SAn8Q48ADegUIABCjAQ","A-wing, Kohinoor Mall, Ground Floor, Gate No 1, Commercial Building, Vidyavihar West, Mumbai, Maharashtra 400070",19.080315443918,72.892831958955,4.2,
Jyoti health care centre,02249790808,https://lh5.googleusercontent.com/p/AF1QipMhQSsmLZNAuLhnkCF-bUzXAN2QgO-30nBOPVQ4=w114-h114-n-k-no,"https://maps.google.com/maps?um=1&fb=1&gl=in&sa=X&geocode=KUcctxQvyec7Mb0Qmx6kb2-P&daddr=Rustomjee+Central+Park+-+Office+Spaces,+A-302,+Andheri+-+Kurla+Rd,+Chakala,+Andheri+East,+Mumbai,+Maharashtra+400069&ved=2ahUKEwikrqWI-7uEAxVP2oQAHU0SAn8Q48ADegUIABCtAQ","Rustomjee Central Park - Office Spaces, A-302, Andheri - Kurla Rd, Chakala, Andheri East, Mumbai, Maharashtra 400069",19.117250009029,72.85441996197,4.3,
Spice Healthcare Pvt. Ltd,02224077650,https://lh5.googleusercontent.com/p/AF1QipPUYnLt3JYR59yIphDtYcKR1VhcvLT6p5XEl8NT=w114-h114-n-k-no,"https://maps.google.com/maps?um=1&fb=1&gl=in&sa=X&geocode=KTf9ie_Eyec7MWentffOWB7u&daddr=7/A+1,2,3+SINDHI+COLONY,+Rd+Number+24,+Sion+West,+Mumbai,+Maharashtra+400022&ved=2ahUKEwikrqWI-7uEAxVP2oQAHU0SAn8Q48ADegUIABC0AQ","7/A 1,2,3 SINDHI COLONY, Rd Number 24, Sion West, Mumbai, Maharashtra 400022",19.041748718564,72.861238454848,5.0,
"Metropolis Healthcare Ltd - Best Diagnostic Centre In Vidyavihar, Mumbai",02224171206,https://lh5.googleusercontent.com/p/AF1QipNeWH62pCnZAghwQAagcuDMNMTq4CpR-ZH_K1y4=w114-h114-n-k-no,"https://maps.google.com/maps?um=1&fb=1&gl=in&sa=X&geocode=KcGpFUbkzuc7MZeHON9D03y5&daddr=TATA+MEMORIAL+HOSPITAL,+2,+Kondaji+Chawl+No+4,+Jerbai+Wadia+Rd,+Dadar+East,+Parel,+Mumbai,+Maharashtra+400012&ved=2ahUKEwikrqWI-7uEAxVP2oQAHU0SAn8Q48ADegUIABC7AQ","TATA MEMORIAL HOSPITAL, 2, Kondaji Chawl No 4, Jerbai Wadia Rd, Dadar East, Parel, Mumbai, Maharashtra 400012",19.00541274762,72.84797670918,4.5,
Metropolis Healthcare Ltd - Best Diagnostic Centre In Sion West,09321272715,https://lh5.googleusercontent.com/p/AF1QipNf6-tuoBhTG2PJvPTl6jNk1wwvawdBQ1Jb3wlk=w114-h114-n-k-no,"https://maps.google.com/maps?um=1&fb=1&gl=in&sa=X&geocode=KRf3B_jRyOc7MQsG0Pnh60Ji&daddr=Shop+No+5,+Ground+Floor,+Premkunj+CHS+Plot+No,+43+B,+Sion+Cir,+near+Vijay+Sale,+Sion+West,+Mumbai,+Maharashtra+400022&ved=2ahUKEwidv_2V-7uEAxVC54QAHcoQARYQ48ADegQIABAr","Shop No 5, Ground Floor, Premkunj CHS Plot No, 43 B, Sion Cir, near Vijay Sale, Sion West, Mumbai, Maharashtra 400022",19.042184891797,72.863685154345,4.9,
"Metropolis Healthcare Ltd - Best Diagnostic Centre In Govandi, Mumbai",09321272715,https://lh5.googleusercontent.com/p/AF1QipM4DQwkleoMtc2DCORQg8DNRoaMmwROdbDr4Hcy=w114-h114-n-k-no,"https://maps.google.com/maps?um=1&fb=1&gl=in&sa=X&geocode=KQM7pWjzx-c7MXVzUDFcWgOt&daddr=Raikar+Chambers,+Premises+CHS,+SN+11,+Govandi+Station+Rd,+near+Jain+Temple,+Govandi+Gaonthan,+Deonar,+Chembur,+Mumbai,+Maharashtra+400088&ved=2ahUKEwidv_2V-7uEAxVC54QAHcoQARYQ48ADegQIABA1","Raikar Chambers, Premises CHS, SN 11, Govandi Station Rd, near Jain Temple, Govandi Gaonthan, Deonar, Chembur, Mumbai, Maharashtra 400088",19.05292,72.91559,4.8,
"Accessible Home Health Care, Mumbai",09820661215,https://streetviewpixels-pa.googleapis.com/v1/thumbnail?panoid=ZNndupkTAIE4YKfyK_Xpog&cb_client=geo_services_immersive.gps&w=144&h=144&yaw=331.06992&pitch=0&thumbfov=100,"https://maps.google.com/maps?um=1&fb=1&gl=in&sa=X&geocode=KS0wc01wzuc7MdyL4yBnJ7a2&daddr=302,+Dadasaheb+Vichare+Rd,+Janata+Nagar,+Tardeo,+Mumbai,+Maharashtra+400034&ved=2ahUKEwidv_2V-7uEAxVC54QAHcoQARYQ48ADegQIABA9","302, Dadasaheb Vichare Rd, Janata Nagar, Tardeo, Mumbai, Maharashtra 400034",18.971815011583,72.813987714216,5.0,
"Murari's Healthcare Centre - Best Podiatrists In Ghatkopar | Diabetic Foot, Ulcer Treatment Specialist In Ghatkopar",09769394363,https://lh5.googleusercontent.com/p/AF1QipMcaOzLolpcZ2oIO2LQX_NlnYX01Kwki3vAolzn=w114-h114-n-k-no,"https://maps.google.com/maps?um=1&fb=1&gl=in&sa=X&geocode=KddGSs69x-c7MRA0La_XYk2L&daddr=Ground+floor,+chandrapushpa+building,+opposite+Nidan+Diagnostic+center,+near+Ghatkopar+metro+station,+Kapol+wadi,+Ghatkopar+West,+Mumbai,+Maharashtra+400086&ved=2ahUKEwidv_2V-7uEAxVC54QAHcoQARYQ48ADegQIABBH","Ground floor, chandrapushpa building, opposite Nidan Diagnostic center, near Ghatkopar metro station, Kapol wadi, Ghatkopar West, Mumbai, Maharashtra 400086",19.086257605953,72.906548648645,4.9,
"Metropolis Healthcare Ltd - Best Diagnostic Centre In Andheri, Mumbai",09321272715,https://streetviewpixels-pa.googleapis.com/v1/thumbnail?panoid=NueuBU1isy2zTszb0jC7MA&cb_client=geo_services_immersive.gps&w=144&h=144&yaw=195.77638&pitch=0&thumbfov=100,"https://maps.google.com/maps?um=1&fb=1&gl=in&sa=X&geocode=KTvABtFVyec7Md5PmsHEowZT&daddr=No+G2,+1/12,+Pushpak,+N+S+Rd+Number+10,+opposite+Saurashtra+Society,+JVPD+Scheme,+Andheri+West,+Mumbai,+Maharashtra+400049&ved=2ahUKEwidv_2V-7uEAxVC54QAHcoQARYQ48ADegQIABBP","No G2, 1/12, Pushpak, N S Rd Number 10, opposite Saurashtra Society, JVPD Scheme, Andheri West, Mumbai, Maharashtra 400049",19.11625000607,72.847640008129,4.9,
Hello Health Services Pvt. Ltd,02240167272,https://streetviewpixels-pa.googleapis.com/v1/thumbnail?panoid=v3cgfJMuw3NHdN6Ye3pWAA&cb_client=geo_services_immersive.gps&w=144&h=144&yaw=350.68628&pitch=0&thumbfov=100,"https://maps.google.com/maps?um=1&fb=1&gl=in&sa=X&geocode=KdW7WbUltuc7McXvhZAHsWIh&daddr=F401-402,Remmi+Bizcourt,+Shah+Industrial+Estate,,+Vera+Desai+Road,+Andheri+West,+Mumbai,+Maharashtra+400053&ved=2ahUKEwidv_2V-7uEAxVC54QAHcoQARYQ48ADegQIABBW","F401-402,Remmi Bizcourt, Shah Industrial Estate,, Vera Desai Road, Andheri West, Mumbai, Maharashtra 400053",19.13333028283,72.831030744331,3.0,
India Home Health Care,07676433333,https://streetviewpixels-pa.googleapis.com/v1/thumbnail?panoid=DjzgUM-0UuwvOlz3gbzbpA&cb_client=geo_services_immersive.gps&w=144&h=144&yaw=306.4311&pitch=0&thumbfov=100,"https://maps.google.com/maps?um=1&fb=1&gl=in&sa=X&geocode=KW19_fSlyOc7MXg7NrzsHDQl&daddr=Jyoti+Heights,+Plot+%23+161/A,+Hemu+Kalani+Marg,+Sindhi+Society,+Chembur,+Mumbai,+Maharashtra+400071&ved=2ahUKEwidv_2V-7uEAxVC54QAHcoQARYQ48ADegQIABBe","Jyoti Heights, Plot # 161/A, Hemu Kalani Marg, Sindhi Society, Chembur, Mumbai, Maharashtra 400071",19.050814981596,72.893870017908,5.0,
Healthcare Clinic,09987335177,https://streetviewpixels-pa.googleapis.com/v1/thumbnail?panoid=QonAOgspJdsuo162hKWeXg&cb_client=geo_services_immersive.gps&w=144&h=144&yaw=324.46826&pitch=0&thumbfov=100,"https://maps.google.com/maps?um=1&fb=1&gl=in&sa=X&geocode=Kfk8t4NAtuc7MaKfGQ_y1np-&daddr=Shop+No.+5,+bldg+no+13,+Utsav+co+op+housing+society,+Bhau+Tatoba+Toraskar+Marg,+Oshiwara,+Mumbai,+Maharashtra+400053&ved=2ahUKEwidv_2V-7uEAxVC54QAHcoQARYQ48ADegQIABBl","Shop No. 5, bldg no 13, Utsav co op housing society, Bhau Tatoba Toraskar Marg, Oshiwara, Mumbai, Maharashtra 400053",19.14973,72.83142,3.0,
Health Care Centre,02223809348,https://streetviewpixels-pa.googleapis.com/v1/thumbnail?panoid=Khg0N3KzZ2HaD8wW4o58iw&cb_client=geo_services_immersive.gps&w=144&h=144&yaw=303.13965&pitch=0&thumbfov=100,"https://maps.google.com/maps?um=1&fb=1&gl=in&sa=X&geocode=KZuX3SU8yOc7Me95OD7xBYen&daddr=2,+Sunrise+Tower,+Block+A,+Apna+Ghar,+Andheri+West,+Mumbai+-+400053&ved=2ahUKEwidv_2V-7uEAxVC54QAHcoQARYQ48ADegQIABBs","2, Sunrise Tower, Block A, Apna Ghar, Andheri West, Mumbai - 400053",19.13333028283,72.831030744331,5.0,
Saifee Healthcare,08793400005,https://streetviewpixels-pa.googleapis.com/v1/thumbnail?panoid=iSjN0k-m4ZJ7rIy8BLxgNw&cb_client=geo_services_immersive.gps&w=144&h=144&yaw=207.6965&pitch=0&thumbfov=100,"https://maps.google.com/maps?um=1&fb=1&gl=in&sa=X&geocode=KU2U_9wdyec7MQ8paQEhZ4Do&daddr=4V7G%2BHGP,+Marol+Church+Rd,+Bori+Colony,+Saifee+Park,+Marol,+Andheri+East,+Mumbai,+Maharashtra+400059&ved=2ahUKEwidv_2V-7uEAxVC54QAHcoQARYQ48ADegQIABB2","4V7G+HGP, Marol Church Rd, Bori Colony, Saifee Park, Marol, Andheri East, Mumbai, Maharashtra 400059",19.120484562607,72.881600426465,4.8,
Aimah holistic health,09321272715,https://lh5.googleusercontent.com/p/AF1QipODk_5MJ180lk3Jz4crdMgxP5o6z8mrDX-F_o3o=w114-h114-n-k-no,"https://maps.google.com/maps?um=1&fb=1&gl=in&sa=X&geocode=KUF7ME-lyec7MdXp7hsexN3r&daddr=KFC+line,+S-6+,+up+to+Croma+Mall+2th+floor+link+square+33rd+road,+Off+Linking+Rd,+Bandra+West,+Mumbai,+Maharashtra+400050&ved=2ahUKEwidv_2V-7uEAxVC54QAHcoQARYQ48ADegQIABB-","KFC line, S-6 , up to Croma Mall 2th floor link square 33rd road, Off Linking Rd, Bandra West, Mumbai, Maharashtra 400050",19.057579953601,72.830457883879,4.9,
"Metropolis Healthcare Ltd - Pathology Lab, Diagnostic Centre In Dharavi",09321272715,https://lh5.googleusercontent.com/p/AF1QipMnKRWrYC7mAeSqCpQ_VHQ5awo6dh_wtmkYbvaa=w114-h114-n-k-no,"https://maps.google.com/maps?um=1&fb=1&gl=in&sa=X&geocode=KScrT4abyec7MRSUI-sfvm6i&daddr=Shop+No+C8,+Balaji+CHS,+Labour+Camp,+60+Feet+Rd,+opposite+Chota+Sion+Hospital,+Sant+Kabir+Marg,+Matunga+East,+Mumbai,+Maharashtra+400019&ved=2ahUKEwidv_2V-7uEAxVC54QAHcoQARYQ48ADegUIABCGAQ","Shop No C8, Balaji CHS, Labour Camp, 60 Feet Rd, opposite Chota Sion Hospital, Sant Kabir Marg, Matunga East, Mumbai, Maharashtra 400019",19.037023925475,72.855750348959,5.0,
"Metropolis Healthcare Ltd - Best Diagnostic Centre In Andheri, Mumbai",09819523763,https://lh5.googleusercontent.com/p/AF1QipNt6VHyTGU1rY2jLWJicbX4lvMIyDdt8f6JNV5U=w114-h114-n-k-no,"https://maps.google.com/maps?um=1&fb=1&gl=in&sa=X&geocode=Ka3Sh-Gvyec7MW-OetvVnq9H&daddr=Platinum+Building,+CD+Barfiwala+Road,+Juhu+Lane,+Andheri+West,+Mumbai,+Maharashtra+400058&ved=2ahUKEwidv_2V-7uEAxVC54QAHcoQARYQ48ADegUIABCQAQ","Platinum Building, CD Barfiwala Road, Juhu Lane, Andheri West, Mumbai, Maharashtra 400058",19.117558212783,72.841261507487,4.9,
Physio Healthcare,09321272715,//lh5.googleusercontent.com/proxy/LmiGuC-00udHAMdUXr0Sza4vV_i4t_WVUgJTIWrPsl2rqqfwc4YQLFs5uLZ6UTiTh1oqDZegrb2HDBnvNkOc2mrilIbK-tX3JjZjtkaRfoTmU8i9j9pWUVQ6vw5_aiTQDMUR3Pc9au7Dol8biKhKf2YPgrgb2zWGo3UUqyXJwU3U2hOVDxTrzg=w144-h144-n-k-no,"https://maps.google.com/maps?um=1&fb=1&gl=in&sa=X&geocode=KWEJfpUPyec7MY--fkUoQq2P&daddr=Ground+Floor,+Sarla+Sadan,+5th+Road,+Khar+West,+near+Jain+Mandir,+Mumbai,+Maharashtra+400052&ved=2ahUKEwidv_2V-7uEAxVC54QAHcoQARYQ48ADegUIABCXAQ","Ground Floor, Sarla Sadan, 5th Road, Khar West, near Jain Mandir, Mumbai, Maharashtra 400052",19.068899820627,72.837936767553,5.0,
"Metropolis Healthcare Ltd - Best Diagnostic Centre In Mumbai Central, Mumbai",09167089131,https://streetviewpixels-pa.googleapis.com/v1/thumbnail?panoid=jMxxtqyvMi2WvWdRiYoDQQ&cb_client=geo_services_immersive.gps&w=144&h=144&yaw=235.53328&pitch=0&thumbfov=100,"https://maps.google.com/maps?um=1&fb=1&gl=in&sa=X&geocode=KdNgtStszuc7MXO7xgyjD2Ip&daddr=No+47,+1st+Floor,+General+Medical+LLP,+Dr.+Anandrao+Nair+Rd,+opposite+Nair+Hospital,+Mumbai,+Maharashtra+400008&ved=2ahUKEwidv_2V-7uEAxVC54QAHcoQARYQ48ADegUIABCfAQ","No 47, 1st Floor, General Medical LLP, Dr. Anandrao Nair Rd, opposite Nair Hospital, Mumbai, Maharashtra 400008",18.96442,72.8359,1.0,
CORDIAL HEALTH CARE ( Pathology),09967155265,https://lh5.googleusercontent.com/p/AF1QipPAgxl7A4o768pMRH8IrVu-LO0UDGgN9ZTEa9Q_=w114-h114-n-k-no,"https://maps.google.com/maps?um=1&fb=1&gl=in&sa=X&geocode=KZVxg9Jgx-c7MW08XcAKUMl2&daddr=Shop+No+3,+buliding+No+9,+MMRDA+Colony,+Milind+Nagar,+Marol,+Powai,+Mumbai,+Maharashtra+400072&ved=2ahUKEwidv_2V-7uEAxVC54QAHcoQARYQ48ADegUIABCmAQ","Shop No 3, buliding No 9, MMRDA Colony, Milind Nagar, Marol, Powai, Mumbai, Maharashtra 400072",19.125830157952,72.887342200328,4.0,
Health Care Centre,02242155111,https://streetviewpixels-pa.googleapis.com/v1/thumbnail?panoid=sh0nv1FxCySITLyivoyqGA&cb_client=geo_services_immersive.gps&w=144&h=144&yaw=225.13179&pitch=0&thumbfov=100,"https://maps.google.com/maps?um=1&fb=1&gl=in&sa=X&geocode=KendxXhzyOc7MSelFtLixDnU&daddr=4V4R%2BMXQ,+Yadmin+D%27souza+Chawl,+Khairani+Rd,+Sakinaka,+Andheri+East,+Mumbai,+Maharashtra+400097&ved=2ahUKEwidv_2V-7uEAxVC54QAHcoQARYQ48ADegUIABCtAQ","4V4R+MXQ, Yadmin D'souza Chawl, Khairani Rd, Sakinaka, Andheri East, Mumbai, Maharashtra 400097",19.19843,72.890421025,4.8,
PEAS Healthcare Private Limited,09321272715,https://streetviewpixels-pa.googleapis.com/v1/thumbnail?panoid=kJqY04fcPfXMVYRFF8kWXA&cb_client=geo_services_immersive.gps&w=144&h=144&yaw=243.66093&pitch=0&thumbfov=100,"https://maps.google.com/maps?um=1&fb=1&gl=in&sa=X&geocode=KWNmA-fSx-c7MeI8sMTj7LHf&daddr=221,+Bhaweshwar+Arcade,+Opp.+Shreyas+Cinema,+LBS+Marg,+Ghatkopar+%28W%29,+Mumbai,+Maharashtra+400086&ved=2ahUKEwidv_2V-7uEAxVC54QAHcoQARYQ48ADegUIABC0AQ","221, Bhaweshwar Arcade, Opp. Shreyas Cinema, LBS Marg, Ghatkopar (W), Mumbai, Maharashtra 400086",19.09249,72.91197,4.0,
Health Care,09096284805,https://streetviewpixels-pa.googleapis.com/v1/thumbnail?panoid=_mcceuSnuCsIB10BMSZaTw&cb_client=geo_services_immersive.gps&w=144&h=144&yaw=315.0851&pitch=0&thumbfov=100,"https://maps.google.com/maps?um=1&fb=1&gl=in&sa=X&geocode=Kc_01zV9yOc7MbaU9PW93fEr&daddr=Shop+No.+6,+Damodar+Compound,+Sunder+Baug+Ln,+Kamani,+Ashok+Nagar,+Saki+Naka,+Mumbai,+Maharashtra+400072&ved=2ahUKEwjs-v2e-7uEAxXM3IQAHdwjDFIQ48ADegQIABAq","Shop No. 6, Damodar Compound, Sunder Baug Ln, Kamani, Ashok Nagar, Saki Naka, Mumbai, Maharashtra 400072",19.10300712881,72.891585941338,5.0,
Satya Healthcare Polyclinic,09137650052,https://lh5.googleusercontent.com/p/AF1QipMe0c6wuXuQZ_vBbehPaurP0CbB6-q-aH7ONraM=w114-h114-n-k-no,"https://maps.google.com/maps?um=1&fb=1&gl=in&sa=X&geocode=KUFBELqhyec7Mefz0PYVw9J4&daddr=5th+Floor,+DLH+Plaza,+Swami+Vivekananda+Rd,+Bharucha+Baug,+Parsi+Colony,+Andheri+West,+Mumbai,+Maharashtra+400058&ved=2ahUKEwjs-v2e-7uEAxXM3IQAHdwjDFIQ48ADegQIABA0","5th Floor, DLH Plaza, Swami Vivekananda Rd, Bharucha Baug, Parsi Colony, Andheri West, Mumbai, Maharashtra 400058",19.117558212783,72.841261507487,4.3,
MEDICA HOME HEALTH CARE MUMBAI,08433552020,https://streetviewpixels-pa.googleapis.com/v1/thumbnail?panoid=FMOA0e4o5ImMGVptQCgFww&cb_client=geo_services_immersive.gps&w=144&h=144&yaw=300.73987&pitch=0&thumbfov=100,"https://maps.google.com/maps?um=1&fb=1&gl=in&sa=X&geocode=KUmMUB4OyOc7MUPIx1BNzGKj&daddr=NO.7,+Premier+Emperor,+off+Military+Road,+Ashok+Nagar+Society,+Udyan+Complex,+Marol,+ANDHERI+%28E,+Mumbai,+Maharashtra+400072&ved=2ahUKEwjs-v2e-7uEAxXM3IQAHdwjDFIQ48ADegQIABA7","NO.7, Premier Emperor, off Military Road, Ashok Nagar Society, Udyan Complex, Marol, ANDHERI (E, Mumbai, Maharashtra 400072",19.125830157952,72.887342200328,4.9,
Jyoti health care centre,07045927214,https://lh5.googleusercontent.com/p/AF1QipMii7XpL2ZEC4pNBDHPbfOIonIWo-DdA63KISR5=w114-h114-n-k-no,"https://maps.google.com/maps?um=1&fb=1&gl=in&sa=X&geocode=KZWceBiTx-c7MfSODL5f8Vnb&daddr=Jyoti+Health+Care+Centre,+32,+Dipti+Solitaire+Above+Axis+Bank,+Mahatma+Gandhi+Rd,+opp.+Old+post+office,+Ghatkopar+West,+Mumbai,+Maharashtra+400086&ved=2ahUKEwjs-v2e-7uEAxXM3IQAHdwjDFIQ48ADegQIABBB","Jyoti Health Care Centre, 32, Dipti Solitaire Above Axis Bank, Mahatma Gandhi Rd, opp. Old post office, Ghatkopar West, Mumbai, Maharashtra 400086",19.0910548123,72.904509617984,4.3,
MyCare Health Solutions Pvt. Ltd. (Zealver),09870004114,https://lh5.googleusercontent.com/p/AF1QipOu253rcGePezCMya_-lPrZu861y55_P7IuXMYC=w114-h114-n-k-no,"https://maps.google.com/maps?um=1&fb=1&gl=in&sa=X&geocode=KQEA8Fc5yOc7MSEl4BCKTz9Y&daddr=9,+Sahar+Plaza+Midas+II,+Andheri+-+Kurla+Rd,+Bhim+Nagar,+Andheri+East,+Mumbai,+Maharashtra+400059&ved=2ahUKEwjs-v2e-7uEAxXM3IQAHdwjDFIQ48ADegQIABBL","9, Sahar Plaza Midas II, Andheri - Kurla Rd, Bhim Nagar, Andheri East, Mumbai, Maharashtra 400059",19.11212,72.86791,3.3,
Sapna Health Care Centre Pvt Ltd - CoWin Centre Ghatkopar West,08169455376,https://lh5.googleusercontent.com/p/AF1QipO_OHzhlym8KgY6bMb5cyn41X2n_eMf1HBAmJef=w114-h114-n-k-no,"https://maps.google.com/maps?um=1&fb=1&gl=in&sa=X&geocode=KbmcDOiox-c7MRFrLqlx_uMJ&daddr=Bhaveshwar+Plaza,+Sapna+Healthcare+centre,+A+Wing,+Lal+Bahadur+Shastri+Marg,+opposite+Shreyas+Cinema,+opp.+Shreyas+Cinema,+Ghatkopar,+W,+Mumbai,+Maharashtra+400086&ved=2ahUKEwjs-v2e-7uEAxXM3IQAHdwjDFIQ48ADegQIABBT","Bhaveshwar Plaza, Sapna Healthcare centre, A Wing, Lal Bahadur Shastri Marg, opposite Shreyas Cinema, opp. Shreyas Cinema, Ghatkopar, W, Mumbai, Maharashtra 400086",19.0910548123,72.904509617984,3.0,
AK Diagnostic & Home Healthcare Center,02221021038,https://streetviewpixels-pa.googleapis.com/v1/thumbnail?panoid=PVkm0tI8DbgahouYIH6SzA&cb_client=geo_services_immersive.gps&w=144&h=144&yaw=232.97018&pitch=0&thumbfov=100,"https://maps.google.com/maps?um=1&fb=1&gl=in&sa=X&geocode=KcdcnoaAyec7Mfw2heEMzEqP&daddr=Shop+No+03,+5,+Vaikunthlal+Mehta+Rd,+near+Rajini+Medical,+next+to+Ganesh+Mandir,+Nehru+Nagar,+Airport+Area,+Vile+Parle+West,+Mumbai,+Maharashtra+400056&ved=2ahUKEwjs-v2e-7uEAxXM3IQAHdwjDFIQ48ADegQIABBa","Shop No 03, 5, Vaikunthlal Mehta Rd, near Rajini Medical, next to Ganesh Mandir, Nehru Nagar, Airport Area, Vile Parle West, Mumbai, Maharashtra 400056",19.103220002308,72.833720013888,4.0,
Shreeji Health Care Center,02245108989,https://lh5.googleusercontent.com/p/AF1QipMRSH2_G9PpBXVbsTTyoT8JtBewCCM4jNiHrGRW=w114-h114-n-k-no,"https://maps.google.com/maps?um=1&fb=1&gl=in&sa=X&geocode=KVcli38txuc7Mb6AeEGUtA5X&daddr=134,+3643,+Station+Road,+near+Karmvihar+Building,+Fish+Market+Corner,+Shival+Nagar,+Saibaba+Nagar,+Pant+Nagar,+Ghatkopar+East,+Mumbai,+Maharashtra+400077&ved=2ahUKEwjs-v2e-7uEAxXM3IQAHdwjDFIQ48ADegQIABBi","134, 3643, Station Road, near Karmvihar Building, Fish Market Corner, Shival Nagar, Saibaba Nagar, Pant Nagar, Ghatkopar East, Mumbai, Maharashtra 400077",19.086541711975,72.908956813582,5.0,
Hinduja Healthcare Khar,02242155111,https://lh5.googleusercontent.com/p/AF1QipMVwyzAdA_l36ZYhhBGa7ucMKY7kBoC_XOsPK7B=w114-h114-n-k-no,"https://maps.google.com/maps?um=1&fb=1&gl=in&sa=X&geocode=KYeEPCb0yec7MRFxlEu9CRb3&daddr=Marvela,+Cardiology+Department,+8th+floor+724,+11th+Rd,+Khar+West,+Mumbai,+Maharashtra+400052&ved=2ahUKEwjs-v2e-7uEAxXM3IQAHdwjDFIQ48ADegQIABBq","Marvela, Cardiology Department, 8th floor 724, 11th Rd, Khar West, Mumbai, Maharashtra 400052",19.070475041018,72.833374498933,5.0,
PEAS Healthcare Private Limited,09967214699,https://streetviewpixels-pa.googleapis.com/v1/thumbnail?panoid=kJqY04fcPfXMVYRFF8kWXA&cb_client=geo_services_immersive.gps&w=144&h=144&yaw=243.66093&pitch=0&thumbfov=100,"https://maps.google.com/maps?um=1&fb=1&gl=in&sa=X&geocode=KWNmA-fSx-c7MeI8sMTj7LHf&daddr=221,+Bhaweshwar+Arcade,+Opp.+Shreyas+Cinema,+LBS+Marg,+Ghatkopar+%28W%29,+Mumbai,+Maharashtra+400086&ved=2ahUKEwjs-v2e-7uEAxXM3IQAHdwjDFIQ48ADegQIABBx","221, Bhaweshwar Arcade, Opp. Shreyas Cinema, LBS Marg, Ghatkopar (W), Mumbai, Maharashtra 400086",19.09249,72.91197,5.0,
Dhyan Healthcare (formerly Siddhi Rehab),02249790808,https://lh5.googleusercontent.com/p/AF1QipNlg11SA5Y93FdTU6S66_wjucwVN5QpMH3JVVEO=w114-h114-n-k-no,"https://maps.google.com/maps?um=1&fb=1&gl=in&sa=X&geocode=KWETiPsqyec7MSBR3KZaDtCW&daddr=Shop+No.+22,+Anand+Bhavan,+T+H+Katariya+Road,+Mahim+%28West%29,+near+Hinduja+Hospital,+Mahim,+Mumbai,+Maharashtra+400018&ved=2ahUKEwjs-v2e-7uEAxXM3IQAHdwjDFIQ48ADegQIABB5","Shop No. 22, Anand Bhavan, T H Katariya Road, Mahim (West), near Hinduja Hospital, Mahim, Mumbai, Maharashtra 400018",18.994165226,72.817375,4.9,
REKOSH HEALTHCARE,09321272715,https://lh5.googleusercontent.com/p/AF1QipPUYnLt3JYR59yIphDtYcKR1VhcvLT6p5XEl8NT=w114-h114-n-k-no,"https://maps.google.com/maps?um=1&fb=1&gl=in&sa=X&geocode=KUcctxQvyec7Mb0Qmx6kb2-P&daddr=Rustomjee+Central+Park+-+Office+Spaces,+A-302,+Andheri+-+Kurla+Rd,+Chakala,+Andheri+East,+Mumbai,+Maharashtra+400069&ved=2ahUKEwjs-v2e-7uEAxXM3IQAHdwjDFIQ48ADegUIABCDAQ","Rustomjee Central Park - Office Spaces, A-302, Andheri - Kurla Rd, Chakala, Andheri East, Mumbai, Maharashtra 400069",19.117250009029,72.85441996197,3.6,
Healthcare products,07208797005,https://lh5.googleusercontent.com/p/AF1QipO7yvGglzW4-4JtaNpTKrdf3cFBCQu_dd-4-DHS=w114-h114-n-k-no,"https://maps.google.com/maps?um=1&fb=1&gl=in&sa=X&geocode=Kd2m0Ax9yec7MdOe7tR394DF&daddr=3V9F%2B4Q3,+A.+S.+Hanspal+Marg,+Lal+Bahadur+Shastri+Marg,+Mumbai,+Maharashtra+400070&ved=2ahUKEwjs-v2e-7uEAxXM3IQAHdwjDFIQ48ADegUIABCKAQ","3V9F+4Q3, A. S. Hanspal Marg, Lal Bahadur Shastri Marg, Mumbai, Maharashtra 400070",19.084734326192,72.885269977271,5.0,
"Metropolis Healthcare Ltd - Pathology Lab, Diagnostic Centre In Mahim",09321272715,https://lh5.googleusercontent.com/p/AF1QipOLyVEAEGBExOYYqKqIDwCgT0LPUNbV6pH0Y3TT=w114-h114-n-k-no,"https://maps.google.com/maps?um=1&fb=1&gl=in&sa=X&geocode=KfsmnhSPyec7MUzkTDUeSpKb&daddr=Shop+No+1,+Home+Sweet+Home+CHS,+C+Bldg,+Mori+Rd,+near+Union+Bank+of+India,+Mahim+West,+Mahim,+Mumbai,+Maharashtra+400016&ved=2ahUKEwjs-v2e-7uEAxXM3IQAHdwjDFIQ48ADegUIABCRAQ","Shop No 1, Home Sweet Home CHS, C Bldg, Mori Rd, near Union Bank of India, Mahim West, Mahim, Mumbai, Maharashtra 400016",19.04327,72.8427,4.0,
Heritage Healthcare,09769394363,https://lh5.googleusercontent.com/p/AF1QipMQGS4I-WSj0z-lQD6Ez6gi8NG3yFY9Cni5_6iT=w114-h114-n-k-no,"https://maps.google.com/maps?um=1&fb=1&gl=in&sa=X&geocode=KdsoiJMgz-c7MUZG9S7cTY-l&daddr=swan+mill+compound,+ganpati+baug,+1102+Rushabh+tower,+tokersey+jivraj+road,+15,+Sewri+West,+Mumbai,+Maharashtra+400015&ved=2ahUKEwin4cWn-7uEAxWJ2oQAHSilC6cQ48ADegQIABAq","swan mill compound, ganpati baug, 1102 Rushabh tower, tokersey jivraj road, 15, Sewri West, Mumbai, Maharashtra 400015",18.994122497339,72.849833185232,5.0,
"Murari's Healthcare Centre - Best Podiatrists In Ghatkopar | Diabetic Foot, Ulcer Treatment Specialist In Ghatkopar",09920409033,https://lh5.googleusercontent.com/p/AF1QipMcaOzLolpcZ2oIO2LQX_NlnYX01Kwki3vAolzn=w114-h114-n-k-no,"https://maps.google.com/maps?um=1&fb=1&gl=in&sa=X&geocode=KddGSs69x-c7MRA0La_XYk2L&daddr=Ground+floor,+chandrapushpa+building,+opposite+Nidan+Diagnostic+center,+near+Ghatkopar+metro+station,+Kapol+wadi,+Ghatkopar+West,+Mumbai,+Maharashtra+400086&ved=2ahUKEwin4cWn-7uEAxWJ2oQAHSilC6cQ48ADegQIABAz","Ground floor, chandrapushpa building, opposite Nidan Diagnostic center, near Ghatkopar metro station, Kapol wadi, Ghatkopar West, Mumbai, Maharashtra 400086",19.086257605953,72.906548648645,4.9,
Patient Health Care Foundation Bureau,09321272715,https://streetviewpixels-pa.googleapis.com/v1/thumbnail?panoid=A5L8AnZjXtTWgIB8lPjQ_g&cb_client=geo_services_immersive.gps&w=144&h=144&yaw=173.169&pitch=0&thumbfov=100,"https://maps.google.com/maps?um=1&fb=1&gl=in&sa=X&geocode=KW_Qvshwxuc7MdpR9HOHpZ-1&daddr=West,+opposite+Building+No+11,+next+to+Ekvira+Hotel,+Mankhurd+%28W%29,+Ambedkar+Nagar+2,+Jyotirling+Nagar,+Mankhurd,+Mumbai,+Maharashtra+400043&ved=2ahUKEwin4cWn-7uEAxWJ2oQAHSilC6cQ48ADegQIABA7","West, opposite Building No 11, next to Ekvira Hotel, Mankhurd (W), Ambedkar Nagar 2, Jyotirling Nagar, Mankhurd, Mumbai, Maharashtra 400043",19.054019553111,72.935086950684,2.9,
RS Healthcare,02242314000,https://streetviewpixels-pa.googleapis.com/v1/thumbnail?panoid=LgD9ALbC6fsPL0UGiGk3qw&cb_client=geo_services_immersive.gps&w=144&h=144&yaw=175.05196&pitch=0&thumbfov=100,"https://maps.google.com/maps?um=1&fb=1&gl=in&sa=X&geocode=KY_pbb-Qz-c7MYxXGbrwBIpw&daddr=RTO,+A/318,+shramjeevan+CHS,+Wadala+Truck+Terminal,+Wadala,+Mumbai,+Maharashtra+400037&ved=2ahUKEwin4cWn-7uEAxWJ2oQAHSilC6cQ48ADegQIABBC","RTO, A/318, shramjeevan CHS, Wadala Truck Terminal, Wadala, Mumbai, Maharashtra 400037",19.034180627335,72.877019318398,4.9,
Orange Health Labs | Health Checkups & Blood Tests at Home in Mumbai,09321272715,https://lh5.googleusercontent.com/p/AF1QipMKJkZMK6hnBpWW3mjK7mgdAiVBlVWTApw3xmHL=w114-h114-n-k-no,"https://maps.google.com/maps?um=1&fb=1&gl=in&sa=X&geocode=KWfUDTdWyec7MR528F4f3LjR&daddr=HDFC+Compound,+TEX+CENTRE,+Unit+No.+1,+Ground+Floor,+K+Wing,+Saki+Vihar+Rd,+Chandivali,+Andheri+East,+Mumbai,+Maharashtra+400072&ved=2ahUKEwin4cWn-7uEAxWJ2oQAHSilC6cQ48ADegQIABBL","HDFC Compound, TEX CENTRE, Unit No. 1, Ground Floor, K Wing, Saki Vihar Rd, Chandivali, Andheri East, Mumbai, Maharashtra 400072",19.113740003255,72.888560040336,4.8,
"Metropolis Healthcare Ltd - Pathology Lab, Diagnostic Centre In Dharavi",07715004133,https://lh5.googleusercontent.com/p/AF1QipMnKRWrYC7mAeSqCpQ_VHQ5awo6dh_wtmkYbvaa=w114-h114-n-k-no,"https://maps.google.com/maps?um=1&fb=1&gl=in&sa=X&geocode=KScrT4abyec7MRSUI-sfvm6i&daddr=Shop+No+C8,+Balaji+CHS,+Labour+Camp,+60+Feet+Rd,+opposite+Chota+Sion+Hospital,+Sant+Kabir+Marg,+Matunga+East,+Mumbai,+Maharashtra+400019&ved=2ahUKEwin4cWn-7uEAxWJ2oQAHSilC6cQ48ADegQIABBS","Shop No C8, Balaji CHS, Labour Camp, 60 Feet Rd, opposite Chota Sion Hospital, Sant Kabir Marg, Matunga East, Mumbai, Maharashtra 400019",19.037023925475,72.855750348959,2.5,
Medica Healthcare,09321272715,https://streetviewpixels-pa.googleapis.com/v1/thumbnail?panoid=vv75kJ-yJV9w_kGtxpIwfA&cb_client=geo_services_immersive.gps&w=144&h=144&yaw=84.10401&pitch=0&thumbfov=100,"https://maps.google.com/maps?um=1&fb=1&gl=in&sa=X&geocode=KQdRrTMnz-c7MaRnYm-qh_nS&daddr=2R9W%2BHJW,+Hindu+Colony,+Dadar,+Mumbai,+Maharashtra+400014&ved=2ahUKEwin4cWn-7uEAxWJ2oQAHSilC6cQ48ADegQIABBZ","2R9W+HJW, Hindu Colony, Dadar, Mumbai, Maharashtra 400014",19.018968236431,72.848050314232,3.8,
Health Prime Services (India) Pvt. Ltd.,09321272715,https://lh5.googleusercontent.com/p/AF1QipMYQR3lbiTaJCtlaEU7LEV-OaTQsK_Kc7rR_AOO=w114-h114-n-k-no,"https://maps.google.com/maps?um=1&fb=1&gl=in&sa=X&geocode=KQ3iI8M8yOc7MepMnlEarMoH&daddr=303,+Ackruti+Trade+Centre,+Rd+Number+7,+M.I.D.C,+Kondivita,+Andheri+East,+Mumbai,+Maharashtra+400093&ved=2ahUKEwin4cWn-7uEAxWJ2oQAHSilC6cQ48ADegQIABBg","303, Ackruti Trade Centre, Rd Number 7, M.I.D.C, Kondivita, Andheri East, Mumbai, Maharashtra 400093",19.11826,72.87112,5.0,
"Metropolis Healthcare Ltd - Pathology Lab, Diagnostic Centre In Vidyavihar",09321272715,https://lh5.googleusercontent.com/p/AF1QipNaQnV_bGbDninZNQB3DBpqTNU-dAmCNr2fTDse=w114-h114-n-k-no,"https://maps.google.com/maps?um=1&fb=1&gl=in&sa=X&geocode=KRnMXv0hx-c7MQdc5zQQFlRu&daddr=Shop+No+13,+Karma+Sankalp+Building,+opposite+KJ+SOMAIYA+COLLEGE,+Vidya+Vihar+East,+Ghatkopar+East,+Mumbai,+Maharashtra+400077&ved=2ahUKEwin4cWn-7uEAxWJ2oQAHSilC6cQ48ADegQIABBo","Shop No 13, Karma Sankalp Building, opposite KJ SOMAIYA COLLEGE, Vidya Vihar East, Ghatkopar East, Mumbai, Maharashtra 400077",19.07771,72.90132,4.7,
Fitnyo Healthcare Private Limited,07985204775,https://streetviewpixels-pa.googleapis.com/v1/thumbnail?panoid=Zgn_rcYHpb-UHgdDMGxhRg&cb_client=geo_services_immersive.gps&w=144&h=144&yaw=217.31496&pitch=0&thumbfov=100,"https://maps.google.com/maps?um=1&fb=1&gl=in&sa=X&geocode=KWn56d7xyOc7MZ0qzJIe_jYM&daddr=Plot+%23+175,+Behind+Metro+House,+CST+Road,+Kalina,+Santacruz,+Mumbai,+Bandra+Kurla+Complex,+E,+Mumbai,+400098&ved=2ahUKEwin4cWn-7uEAxWJ2oQAHSilC6cQ48ADegQIABBw","Plot # 175, Behind Metro House, CST Road, Kalina, Santacruz, Mumbai, Bandra Kurla Complex, E, Mumbai, 400098",19.074105758089,72.862672885406,5.0,
"Metropolis Healthcare Ltd - Best Diagnostic Centre In Andheri, Mumbai",09820156315,https://streetviewpixels-pa.googleapis.com/v1/thumbnail?panoid=GuypmU1NVi7txscgFoZpVw&cb_client=geo_services_immersive.gps&w=144&h=144&yaw=186.36829&pitch=0&thumbfov=100,"https://maps.google.com/maps?um=1&fb=1&gl=in&sa=X&geocode=KdU6hRG5yec7MV-sh3KjmPHl&daddr=Shop+No+2,+Sahakar+Building+Teli+Gali,+Shree+Mordern+Dairy,+Andheri,+opposite+Criti+Care+Hospital,+Mumbai,+Maharashtra+400069&ved=2ahUKEwin4cWn-7uEAxWJ2oQAHSilC6cQ48ADegQIABB4","Shop No 2, Sahakar Building Teli Gali, Shree Mordern Dairy, Andheri, opposite Criti Care Hospital, Mumbai, Maharashtra 400069",19.11874,72.85076,5.0,
"Metropolis Healthcare Ltd - Pathology Lab, Diagnostic Centre In Wadala",09054321001,https://streetviewpixels-pa.googleapis.com/v1/thumbnail?panoid=w6LYkbtPgBbXH7UjD_QSIQ&cb_client=geo_services_immersive.gps&w=144&h=144&yaw=194.75455&pitch=0&thumbfov=100,"https://maps.google.com/maps?um=1&fb=1&gl=in&sa=X&geocode=KUNqH8nSz-c7MbmvhmWkNVAI&daddr=Gate+No+4,+Chaar+Rasta,+Shop+No+18,+Jai+Mangal+Bldg,+Rahi,+Rafi+Ahmed+Kidwai+Rd,+near+Don+Bosco+School,+Wadala,+Mumbai,+Maharashtra+400019&ved=2ahUKEwin4cWn-7uEAxWJ2oQAHSilC6cQ48ADegUIABCAAQ","Gate No 4, Chaar Rasta, Shop No 18, Jai Mangal Bldg, Rahi, Rafi Ahmed Kidwai Rd, near Don Bosco School, Wadala, Mumbai, Maharashtra 400019",19.023709690845,72.860477656674,3.0,
"Metropolis Healthcare Ltd - Best Diagnostic Centre In Andheri East, Mumbai",09321272715,https://streetviewpixels-pa.googleapis.com/v1/thumbnail?panoid=MOaXEywgblV3nYe-dp_jEg&cb_client=geo_services_immersive.gps&w=144&h=144&yaw=247.32294&pitch=0&thumbfov=100,"https://maps.google.com/maps?um=1&fb=1&gl=in&sa=X&geocode=Ka1nWuQfyec7MS_6QOUJrIFv&daddr=Shop+No+2,+Monarch+CHS+Ltd,+near+Rachna+Hospital,+Bamanpuri,+J.B.+Nagar,+Tarun+Bharat,+Andheri+East,+Mumbai,+Maharashtra+400059&ved=2ahUKEwin4cWn-7uEAxWJ2oQAHSilC6cQ48ADegUIABCIAQ","Shop No 2, Monarch CHS Ltd, near Rachna Hospital, Bamanpuri, J.B. Nagar, Tarun Bharat, Andheri East, Mumbai, Maharashtra 400059",19.111218583424,72.869634079826,2.3,
NEUROTHERAPY. PHYSIOTHRAPY. CHIROPRACTOR. HEALTH CARE TREATMENT CLINIC.,09321272715,https://lh5.googleusercontent.com/p/AF1QipPCRzKXmBPKdY7igid1ZeSsTnCzWhSBGoMAYB6_=w114-h114-n-k-no,"https://maps.google.com/maps?um=1&fb=1&gl=in&sa=X&geocode=KTNylw4Myec7MYXRLNnY5AiC&daddr=Metro+Station,+Fatimabal+chawl+33,+near+Asalpha,+Mumbai,+Maharashtra+400084&ved=2ahUKEwin4cWn-7uEAxWJ2oQAHSilC6cQ48ADegUIABCRAQ","Metro Station, Fatimabal chawl 33, near Asalpha, Mumbai, Maharashtra 400084",19.093677809204,72.899443744507,4.8,
R K Health Care,09004783045,https://streetviewpixels-pa.googleapis.com/v1/thumbnail?panoid=BsbzPQFbixumA1g5nNep-A&cb_client=geo_services_immersive.gps&w=144&h=144&yaw=97.478065&pitch=0&thumbfov=100,"https://maps.google.com/maps?um=1&fb=1&gl=in&sa=X&geocode=KZtu51Umyec7MeudxevWFIQ7&daddr=Shastri+Nagar+Municipal+Colony,+opposite+Dheeraj+Heritage,+Santacruz+West,+Mumbai,+Maharashtra+400054&ved=2ahUKEwin4cWn-7uEAxWJ2oQAHSilC6cQ48ADegUIABCYAQ","Shastri Nagar Municipal Colony, opposite Dheeraj Heritage, Santacruz West, Mumbai, Maharashtra 400054",19.08903,72.83439,5.0,
Metropolis Healthcare Ltd,09321272715,https://streetviewpixels-pa.googleapis.com/v1/thumbnail?panoid=HIcRxWciGKPmc4AF2rAJHQ&cb_client=geo_services_immersive.gps&w=144&h=144&yaw=307.83575&pitch=0&thumbfov=100,"https://maps.google.com/maps?um=1&fb=1&gl=in&sa=X&geocode=KWvy7HPwyec7MdKaZSftNdM9&daddr=Suleman+Khatri+Building,+Shop+No+4A,+GF,+Suleman+Building,+F+Block,+Lal+Bahadur+Shastri+Marg,+near+Taximan+Colony,+Kurla+West,+Kurla,+Mumbai,+Maharashtra+400070&ved=2ahUKEwj6uuew-7uEAxUqzoQAHUt_AeQQ48ADegQIABAp","Suleman Khatri Building, Shop No 4A, GF, Suleman Building, F Block, Lal Bahadur Shastri Marg, near Taximan Colony, Kurla West, Kurla, Mumbai, Maharashtra 400070",19.06851,72.87502,4.0,
Hospital healthcare,09608451697,https://streetviewpixels-pa.googleapis.com/v1/thumbnail?panoid=-UJ_V-PVCulgEZ3tiJgFYw&cb_client=geo_services_immersive.gps&w=144&h=144&yaw=48.60752&pitch=0&thumbfov=100,"https://maps.google.com/maps?um=1&fb=1&gl=in&sa=X&geocode=Kf___z-wyec7Mb1YliHCttqN&daddr=3RVR%2BRF6,+LIC+Colony,+Suresh+Colony,+Vile+Parle+West,+Mumbai,+Maharashtra+400056&ved=2ahUKEwj6uuew-7uEAxUqzoQAHUt_AeQQ48ADegQIABAx","3RVR+RF6, LIC Colony, Suresh Colony, Vile Parle West, Mumbai, Maharashtra 400056",19.096949903697,72.841247391543,4.4,
HealthIndia Insurance TPA Services Pvt. Ltd.,1800220102,https://lh5.googleusercontent.com/p/AF1QipMLbSauPuvPfFb-UXkUiAndVpBppxP21Q1ces8E=w114-h114-n-k-no,"https://maps.google.com/maps?um=1&fb=1&gl=in&sa=X&geocode=KYddkmONx-c7Mfdza6XNrwKV&daddr=4th+Floor,+Neelkanth+Corporate+It+Park,+406+to+412,+Kirol+Rd,+Vidyavihar+West,+Vidyavihar,+Mumbai,+Maharashtra+400086&ved=2ahUKEwj6uuew-7uEAxUqzoQAHUt_AeQQ48ADegQIABA8","4th Floor, Neelkanth Corporate It Park, 406 to 412, Kirol Rd, Vidyavihar West, Vidyavihar, Mumbai, Maharashtra 400086",19.080009392699,72.894700496901,5.0,
"Metropolis Healthcare Ltd - Pathology Lab, Diagnostic Centre In Kurla East",09321272715,https://lh5.googleusercontent.com/p/AF1QipPxCBRlXVft6IJ5d5bKR4EgQZ9TpGQaIyNJCHJ9=w114-h114-n-k-no,"https://maps.google.com/maps?um=1&fb=1&gl=in&sa=X&geocode=KTeYH97kyec7MfPQX62ZUVs2&daddr=No+2,+Sahara+Rahiwashi+Sangh,+D+Wing,+RN+90,+Ittfaq+Chawl,+opposite+Galaxy+Apartments+Road,+Qureshi+Nagar,+Kurla,+Mumbai,+Maharashtra+400024&ved=2ahUKEwj6uuew-7uEAxUqzoQAHUt_AeQQ48ADegQIABBE","No 2, Sahara Rahiwashi Sangh, D Wing, RN 90, Ittfaq Chawl, opposite Galaxy Apartments Road, Qureshi Nagar, Kurla, Mumbai, Maharashtra 400024",19.06091,72.87881,4.5,
CORDIAL HEALTH CARE ( Pathology),09167089131,https://lh5.googleusercontent.com/p/AF1QipPAgxl7A4o768pMRH8IrVu-LO0UDGgN9ZTEa9Q_=w114-h114-n-k-no,"https://maps.google.com/maps?um=1&fb=1&gl=in&sa=X&geocode=KZVxg9Jgx-c7MW08XcAKUMl2&daddr=Shop+No+3,+buliding+No+9,+MMRDA+Colony,+Milind+Nagar,+Marol,+Powai,+Mumbai,+Maharashtra+400072&ved=2ahUKEwj6uuew-7uEAxUqzoQAHUt_AeQQ48ADegQIABBL","Shop No 3, buliding No 9, MMRDA Colony, Milind Nagar, Marol, Powai, Mumbai, Maharashtra 400072",19.125830157952,72.887342200328,2.5,
"Metropolis Healthcare Ltd - Best Diagnostic Centre In Vidyavihar, Mumbai",09321272715,https://lh5.googleusercontent.com/p/AF1QipMhQSsmLZNAuLhnkCF-bUzXAN2QgO-30nBOPVQ4=w114-h114-n-k-no,"https://maps.google.com/maps?um=1&fb=1&gl=in&sa=X&geocode=KQGe0QWEyOc7MQ4hCRv_1p64&daddr=A-wing,+Kohinoor+Mall,+Ground+Floor,+Gate+No+1,+Commercial+Building,+Vidyavihar+West,+Mumbai,+Maharashtra+400070&ved=2ahUKEwj6uuew-7uEAxUqzoQAHUt_AeQQ48ADegQIABBV","A-wing, Kohinoor Mall, Ground Floor, Gate No 1, Commercial Building, Vidyavihar West, Mumbai, Maharashtra 400070",19.080315443918,72.892831958955,4.9,
"Metropolis Healthcare Ltd - Best Diagnostic Centre In Mahim, Mumbai",09321272715,https://streetviewpixels-pa.googleapis.com/v1/thumbnail?panoid=BfcMAojaBDGE6K2JHOKjIw&cb_client=geo_services_immersive.gps&w=144&h=144&yaw=1.8189727&pitch=0&thumbfov=100,"https://maps.google.com/maps?um=1&fb=1&gl=in&sa=X&geocode=KQlSb8jSzuc7MXxoEguRpy1Z&daddr=Shop+No+22,+Ground+Floor,+Anand+Bhavan,+Takandas+Kataria+Marg,+near+Hinduja+Hospital,+Mahim+West,+Mumbai,+Maharashtra+400016&ved=2ahUKEwj6uuew-7uEAxUqzoQAHUt_AeQQ48ADegQIABBd","Shop No 22, Ground Floor, Anand Bhavan, Takandas Kataria Marg, near Hinduja Hospital, Mahim West, Mumbai, Maharashtra 400016",19.03208,72.8396,4.9,
"Metropolis Healthcare Ltd - Best Diagnostic Centre In Andheri East, Mumbai",09321272715,https://lh5.googleusercontent.com/p/AF1QipO2YRo2MtiLejUBHluMJKA4i2ImC0oF1FZqmTxK=w114-h114-n-k-no,"https://maps.google.com/maps?um=1&fb=1&gl=in&sa=X&geocode=KWO69Nucyec7MRvnl0mWOvMj&daddr=Shop+No+J1,+GF,+Maheshwari+Nagar+CHS,+Kondivita+Rd,+opposite+Sterling+Court,+M.I.D.C,+Andheri+East,+Mumbai,+Maharashtra+400093&ved=2ahUKEwj6uuew-7uEAxUqzoQAHUt_AeQQ48ADegQIABBl","Shop No J1, GF, Maheshwari Nagar CHS, Kondivita Rd, opposite Sterling Court, M.I.D.C, Andheri East, Mumbai, Maharashtra 400093",19.1161,72.87428,4.9,
"Metropolis Healthcare Ltd - Best Diagnostic Centre In Andheri, Mumbai",09321272715,https://lh5.googleusercontent.com/p/AF1QipNt6VHyTGU1rY2jLWJicbX4lvMIyDdt8f6JNV5U=w114-h114-n-k-no,"https://maps.google.com/maps?um=1&fb=1&gl=in&sa=X&geocode=Ka3Sh-Gvyec7MW-OetvVnq9H&daddr=Platinum+Building,+CD+Barfiwala+Road,+Juhu+Lane,+Andheri+West,+Mumbai,+Maharashtra+400058&ved=2ahUKEwj6uuew-7uEAxUqzoQAHUt_AeQQ48ADegQIABBv","Platinum Building, CD Barfiwala Road, Juhu Lane, Andheri West, Mumbai, Maharashtra 400058",19.117558212783,72.841261507487,5.0,
Govandi Neurotheraphy (Noori Healthcare Centre),07350779896,https://lh5.googleusercontent.com/p/AF1QipMc8TIyqQhcOJPjz0zrx0ECNmGP23Ak20fmBFje=w114-h114-n-k-no,"https://maps.google.com/maps?um=1&fb=1&gl=in&sa=X&geocode=KSkERxZMx-c7McJ0-pmsKKhR&daddr=Dada,+Part+No.+2,+Near+Karbala+Masjid,+Waman,+Kardam+Road,+New+Gautam+Nagar,+Govandi+East,+Maharashtra+400043&ved=2ahUKEwj6uuew-7uEAxUqzoQAHUt_AeQQ48ADegQIABB2","Dada, Part No. 2, Near Karbala Masjid, Waman, Kardam Road, New Gautam Nagar, Govandi East, Maharashtra 400043",19.061119233738,72.914365355518,4.9,
RAZA HEALTHCARE LLP,07718846426,https://lh5.googleusercontent.com/p/AF1QipNpJB6qO-FpiiuuFCcuUNjbASW6gHtT5Hb9Xhfn=w114-h114-n-k-no,"https://maps.google.com/maps?um=1&fb=1&gl=in&sa=X&geocode=KYGE6Otbyec7MejywJU3kL6B&daddr=Oppostie+of+Vijay+Nagar+Flyover+Bridge,+next+to+Raza+Jama+Masjid,+Marol,+Andheri+East,+Mumbai,+Maharashtra+400059&ved=2ahUKEwj6uuew-7uEAxUqzoQAHUt_AeQQ48ADegQIABB9","Oppostie of Vijay Nagar Flyover Bridge, next to Raza Jama Masjid, Marol, Andheri East, Mumbai, Maharashtra 400059",19.120183523571,72.877536617979,4.9,
CNV Healthcare Multi-Specialty Clinic,08793400005,https://lh5.googleusercontent.com/p/AF1QipMXRccR4_DD8cQ5p3sRa5qw8CW7dT5MiGjGPHKK=w114-h114-n-k-no,"https://maps.google.com/maps?um=1&fb=1&gl=in&sa=X&geocode=KekbrNQbz-c7MblI2J-nWoEj&daddr=310,+Lodha+Supremus,+New+Cuffe+Parade,+Wadala+East,+near+Lodha+Oakwood+School,+Mumbai,+Maharashtra+400037&ved=2ahUKEwj6uuew-7uEAxUqzoQAHUt_AeQQ48ADegUIABCGAQ","310, Lodha Supremus, New Cuffe Parade, Wadala East, near Lodha Oakwood School, Mumbai, Maharashtra 400037",19.010832341451,72.860548613332,5.0,
Aimah holistic health,09321272715,https://lh5.googleusercontent.com/p/AF1QipODk_5MJ180lk3Jz4crdMgxP5o6z8mrDX-F_o3o=w114-h114-n-k-no,"https://maps.google.com/maps?um=1&fb=1&gl=in&sa=X&geocode=KUF7ME-lyec7MdXp7hsexN3r&daddr=KFC+line,+S-6+,+up+to+Croma+Mall+2th+floor+link+square+33rd+road,+Off+Linking+Rd,+Bandra+West,+Mumbai,+Maharashtra+400050&ved=2ahUKEwj6uuew-7uEAxUqzoQAHUt_AeQQ48ADegUIABCPAQ","KFC line, S-6 , up to Croma Mall 2th floor link square 33rd road, Off Linking Rd, Bandra West, Mumbai, Maharashtra 400050",19.057579953601,72.830457883879,4.8,
Metropolis Healthcare Ltd - Best Diagnostic Centre In Sion West,09321587821,https://lh5.googleusercontent.com/p/AF1QipNf6-tuoBhTG2PJvPTl6jNk1wwvawdBQ1Jb3wlk=w114-h114-n-k-no,"https://maps.google.com/maps?um=1&fb=1&gl=in&sa=X&geocode=KRf3B_jRyOc7MQsG0Pnh60Ji&daddr=Shop+No+5,+Ground+Floor,+Premkunj+CHS+Plot+No,+43+B,+Sion+Cir,+near+Vijay+Sale,+Sion+West,+Mumbai,+Maharashtra+400022&ved=2ahUKEwj6uuew-7uEAxUqzoQAHUt_AeQQ48ADegUIABCZAQ","Shop No 5, Ground Floor, Premkunj CHS Plot No, 43 B, Sion Cir, near Vijay Sale, Sion West, Mumbai, Maharashtra 400022",19.042184891797,72.863685154345,4.0,
Dr. Trivedi's Total Health Care & AAKAR IVF Centre,09321272715,https://lh5.googleusercontent.com/p/AF1QipP6XLwZ4vOPin6kX1N-GVaDsHoOJsaziSZRoqse=w114-h114-n-k-no,"https://maps.google.com/maps?um=1&fb=1&gl=in&sa=X&geocode=KR1SrTEvxuc7McPJshKR2mXi&daddr=5th+Sai+Heritage,+Tilak+Rd,+above+Axis+Bank,+Ghatkopar+East,+Mumbai,+Maharashtra+400077&ved=2ahUKEwj6uuew-7uEAxUqzoQAHUt_AeQQ48ADegUIABChAQ","5th Sai Heritage, Tilak Rd, above Axis Bank, Ghatkopar East, Mumbai, Maharashtra 400077",19.079342937261,72.905885045387,4.8,
Metropolis Healthcare Ltd - Best Diagnostic Centre In Bandra West,09321272715,https://streetviewpixels-pa.googleapis.com/v1/thumbnail?panoid=mi4DfGV50R1r7ArHuXaMQA&cb_client=geo_services_immersive.gps&w=144&h=144&yaw=326.29358&pitch=0&thumbfov=100,"https://maps.google.com/maps?um=1&fb=1&gl=in&sa=X&geocode=KW23hSUUyec7MZRupaQavlaD&daddr=Shop+No+1,+near+Jarimari+Mandir,+Purushottam+Nagar,+Bandra+West,+Mumbai,+Maharashtra+400050&ved=2ahUKEwj6uuew-7uEAxUqzoQAHUt_AeQQ48ADegUIABCpAQ","Shop No 1, near Jarimari Mandir, Purushottam Nagar, Bandra West, Mumbai, Maharashtra 400050",19.06371,72.82942,4.5,
Rukmini Healthcare Clinic,02261546000,https://lh5.googleusercontent.com/p/AF1QipOp_I1ZUSHi6nezoYRoDx8OoGfvx08YODjdfi6r=w114-h114-n-k-no,"https://maps.google.com/maps?um=1&fb=1&gl=in&sa=X&geocode=KaHH5SZOyec7MebGVFkjd9Z0&daddr=Sukriti+Building,+Sag+Baug,+Marol,+Andheri+East,+Mumbai,+Maharashtra+400059&ved=2ahUKEwibh9K_-7uEAxVKz4QAHUkrCLIQ48ADegQIABAo","Sukriti Building, Sag Baug, Marol, Andheri East, Mumbai, Maharashtra 400059",19.120484562607,72.881600426465,4.8,6:30 PM
Healthcare Radius,09321272715,https://lh5.googleusercontent.com/p/AF1QipN987TVcU_IeNDsgIoxMAidbSshkv3BN6NnUJJn=w114-h114-n-k-no,"https://maps.google.com/maps?um=1&fb=1&gl=in&sa=X&geocode=KSddXUSuyec7MUToxqn4aAMX&daddr=Fortune+2000,+103-A+%26+103-B,+C+Wing+1st+Floor,+Bandra+Kurla+Complex,+Bandra+East,+Maharashtra+400051&ved=2ahUKEwibh9K_-7uEAxVKz4QAHUkrCLIQ48ADegQIABAx","Fortune 2000, 103-A & 103-B, C Wing 1st Floor, Bandra Kurla Complex, Bandra East, Maharashtra 400051",19.061654204035,72.86268302845,4.9,07:00 PM
"Metropolis Healthcare Ltd - Best Diagnostic Centre In Ghatkopar, Mumbai",09321272715,https://streetviewpixels-pa.googleapis.com/v1/thumbnail?panoid=y6lVI2DARgzhwMDdLh5sHg&cb_client=geo_services_immersive.gps&w=144&h=144&yaw=156.79485&pitch=0&thumbfov=100,"https://maps.google.com/maps?um=1&fb=1&gl=in&sa=X&geocode=Kb_3rEIwxuc7MQ77pTYcxlB2&daddr=Shop+No+9,+Ground+Floor,+Sugar+Park+CHS+D+Wing,+near+MG+Road,+Best+Colony,+Amrut+Nagar,+Ghatkopar+West,+Mumbai,+Maharashtra+400086&ved=2ahUKEwibh9K_-7uEAxVKz4QAHUkrCLIQ48ADegQIABA5","Shop No 9, Ground Floor, Sugar Park CHS D Wing, near MG Road, Best Colony, Amrut Nagar, Ghatkopar West, Mumbai, Maharashtra 400086",19.10059,72.9116,4.5,6:30 PM
Metropolis Healthcare Ltd,09321272715,https://lh5.googleusercontent.com/p/AF1QipOY77fqs7qB8Ii8kZn_MaKGflj3_IGbpwkmX4w=w114-h114-n-k-no,"https://maps.google.com/maps?um=1&fb=1&gl=in&sa=X&geocode=KW9iY24cyec7MS326V9Q2F4S&daddr=Shop+No+06,+Ground+Floor,+Fatima+Palace,+Juhu+Church+Rd,+opposite+Kailash+Apartment,+Juhu,+Mumbai,+Maharashtra+400049&ved=2ahUKEwibh9K_-7uEAxVKz4QAHUkrCLIQ48ADegQIABBB","Shop No 06, Ground Floor, Fatima Palace, Juhu Church Rd, opposite Kailash Apartment, Juhu, Mumbai, Maharashtra 400049",19.10999,72.82654,1.8,04:00 PM
"Metropolis Healthcare Ltd - Best Diagnostic Centre In Parel, Mumbai",09321272715,https://streetviewpixels-pa.googleapis.com/v1/thumbnail?panoid=0i9NT7SMxe27L17hqzZeUw&cb_client=geo_services_immersive.gps&w=144&h=144&yaw=29.59907&pitch=0&thumbfov=100,"https://maps.google.com/maps?um=1&fb=1&gl=in&sa=X&geocode=KU_G1kjwzuc7MXWMdSOR_U6z&daddr=Kuka+Sadan,+Shop+No+A+4,+A+Wing,+Dr+Baba+Saheb+Ambedkar+Rd,+Parel,+Mumbai,+Maharashtra+400012&ved=2ahUKEwibh9K_-7uEAxVKz4QAHUkrCLIQ48ADegQIABBJ","Kuka Sadan, Shop No A 4, A Wing, Dr Baba Saheb Ambedkar Rd, Parel, Mumbai, Maharashtra 400012",19.013900011319,72.844680022842,4.9,08:00 PM
Metropolis Healthcare Ltd - Best Diagnostic Centre In Chembur West,09321272715,https://streetviewpixels-pa.googleapis.com/v1/thumbnail?panoid=jMxxtqyvMi2WvWdRiYoDQQ&cb_client=geo_services_immersive.gps&w=144&h=144&yaw=235.53328&pitch=0&thumbfov=100,"https://maps.google.com/maps?um=1&fb=1&gl=in&sa=X&geocode=KYW1B56Ex-c7McBx8kcaTh6P&daddr=No+3,+Star+Society,+Police+Station,+2nd+Rd,+Chembur+West,+Chembur+Gaothan,+Chembur,+Mumbai,+Maharashtra+400089&ved=2ahUKEwibh9K_-7uEAxVKz4QAHUkrCLIQ48ADegQIABBR","No 3, Star Society, Police Station, 2nd Rd, Chembur West, Chembur Gaothan, Chembur, Mumbai, Maharashtra 400089",19.072019829352,72.906596802436,4.0,08:00 PM
"Metropolis Healthcare Ltd - Best Diagnostic Centre In Mumbai Central, Mumbai",02267314000,https://streetviewpixels-pa.googleapis.com/v1/thumbnail?panoid=v1fM2Wli_z22zp2Bs6ne8A&cb_client=geo_services_immersive.gps&w=144&h=144&yaw=75.87027&pitch=0&thumbfov=100,"https://maps.google.com/maps?um=1&fb=1&gl=in&sa=X&geocode=KdNgtStszuc7MXO7xgyjD2Ip&daddr=No+47,+1st+Floor,+General+Medical+LLP,+Dr.+Anandrao+Nair+Rd,+opposite+Nair+Hospital,+Mumbai,+Maharashtra+400008&ved=2ahUKEwibh9K_-7uEAxVKz4QAHUkrCLIQ48ADegQIABBZ","No 47, 1st Floor, General Medical LLP, Dr. Anandrao Nair Rd, opposite Nair Hospital, Mumbai, Maharashtra 400008",18.96442,72.8359,4.5,6:30 PM
"Healthizen.com, Health Care, Mumbai",09820661215,https://streetviewpixels-pa.googleapis.com/v1/thumbnail?panoid=k3EmI78387KBrJy8YVfhOg&cb_client=geo_services_immersive.gps&w=144&h=144&yaw=17.427011&pitch=0&thumbfov=100,"https://maps.google.com/maps?um=1&fb=1&gl=in&sa=X&geocode=KXGGZLK0t-c7MdfyV55Rv-yO&daddr=3,+Wahl+Bath+Road,+Vakil+Industrial+Estate,+Cama+Industrial+Estate,+Goregaon%28E,+Mumbai,+Maharashtra+400063&ved=2ahUKEwibh9K_-7uEAxVKz4QAHUkrCLIQ48ADegQIABBh","3, Wahl Bath Road, Vakil Industrial Estate, Cama Industrial Estate, Goregaon(E, Mumbai, Maharashtra 400063",19.157177585911,72.854706510044,5.0,08:00 PM
